unique_id,team_name,position,value,pred_Naive,pred_LGBMRegressor_no_exog,pred_LSTMWithReLU,picked_Naive,captain_Naive,first_xi_Naive,season,picked_time,picked_LGBMRegressor_no_exog,captain_LGBMRegressor_no_exog,first_xi_LGBMRegressor_no_exog,picked_LSTMWithReLU,captain_LSTMWithReLU,first_xi_LSTMWithReLU
Alexander Isak,Newcastle,FWD,84,14.0,4.469617427556131,2.0,1.0,0,1.0,24,2024-08-04 10:09:23.604859,0.0,0,,0.0,0,
André Onana,Manchester Utd,GK,50,7.0,3.1205483067413207,2.0,1.0,0,1.0,24,2024-08-04 10:09:23.604859,0.0,0,,0.0,0,
Bruno Guimarães Rodriguez Moura,Newcastle,MID,58,16.0,5.171441338399947,2.0,1.0,0,1.0,24,2024-08-04 10:09:23.604859,1.0,0,1.0,0.0,0,
Dejan Kulusevski,Tottenham,MID,67,16.0,2.7607953576569253,2.0,1.0,0,1.0,24,2024-08-04 10:09:23.604859,0.0,0,,0.0,0,
Diogo Dalot Teixeira,Manchester Utd,DEF,52,15.0,3.661783703784893,1.0,1.0,0,1.0,24,2024-08-04 10:09:23.604859,0.0,0,,0.0,0,
Eberechi Eze,Crystal Palace,MID,60,18.0,4.223182305687012,2.0,1.0,0,1.0,24,2024-08-04 10:09:23.604859,0.0,0,,0.0,0,
Harry Wilson,Fulham,MID,53,15.0,3.991849830501609,1.0,1.0,0,1.0,24,2024-08-04 10:09:23.604859,0.0,0,,0.0,0,
Jarell Quansah,Liverpool,DEF,40,15.0,3.7770532130733274,0.0,1.0,0,1.0,24,2024-08-04 10:09:23.604859,1.0,0,0.0,0.0,0,
Jean-Philippe Mateta,Crystal Palace,FWD,51,20.0,3.8708463973286924,2.0,1.0,1,1.0,24,2024-08-04 10:09:23.604859,0.0,0,,0.0,0,
Pedro Porro,Tottenham,DEF,59,14.0,2.997066525576819,2.0,1.0,0,1.0,24,2024-08-04 10:09:23.604859,0.0,0,,0.0,0,
Phil Foden,Manchester City,MID,85,15.0,6.284065686553244,3.0,1.0,0,1.0,24,2024-08-04 10:09:23.604859,1.0,0,1.0,0.0,0,
Daniel Muñoz,Crystal Palace,DEF,45,10.0,3.3524982668798673,2.0,1.0,0,0.0,24,2024-08-04 10:09:23.604859,0.0,0,,1.0,0,1.0
Guglielmo Vicario,Tottenham,GK,53,6.0,4.000374201112364,2.0,1.0,0,0.0,24,2024-08-04 10:09:23.604859,1.0,0,1.0,0.0,0,
Raúl Jiménez,Fulham,FWD,50,13.0,2.0690396579591863,1.0,1.0,0,0.0,24,2024-08-04 10:09:23.604859,0.0,0,,0.0,0,
Takehiro Tomiyasu,Arsenal,DEF,45,9.0,3.1884726863456208,1.0,1.0,0,0.0,24,2024-08-04 10:09:23.604859,0.0,0,,0.0,0,
Aaron Connolly,Brighton,FWD,45,0.0,0.3647635064674506,0.0,0.0,0,,24,2024-08-04 10:09:23.604859,0.0,0,,0.0,0,
Aaron Cresswell,West Ham,DEF,42,1.0,1.3949612428701494,0.0,0.0,0,,24,2024-08-04 10:09:23.604859,0.0,0,,0.0,0,
Aaron Hickey,Brentford,DEF,43,0.0,0.5348855351858993,0.0,0.0,0,,24,2024-08-04 10:09:23.604859,0.0,0,,0.0,0,
Aaron Ramsdale,Arsenal,GK,45,0.0,0.5041832235319054,0.0,0.0,0,,24,2024-08-04 10:09:23.604859,0.0,0,,0.0,0,
Aaron Wan-Bissaka,Manchester Utd,DEF,44,6.0,2.62599211860143,0.0,0.0,0,,24,2024-08-04 10:09:23.604859,0.0,0,,0.0,0,
Abdoulaye Doucouré,Everton,MID,55,1.0,2.527880879254612,2.0,0.0,0,,24,2024-08-04 10:09:23.604859,0.0,0,,0.0,0,
Abdul Rahman Baba,Chelsea,DEF,40,0.0,0.3647635064674506,0.0,0.0,0,,24,2024-08-04 10:09:23.604859,0.0,0,,0.0,0,
Adam Lallana,Brighton,MID,49,1.0,1.079582087189623,1.0,0.0,0,,24,2024-08-04 10:09:23.604859,0.0,0,,0.0,0,
Adam Smith,Bournemouth,DEF,44,0.0,2.427428047963388,1.0,0.0,0,,24,2024-08-04 10:09:23.604859,0.0,0,,0.0,0,
Adam Webster,Brighton,DEF,42,1.0,1.6593534096002367,0.0,0.0,0,,24,2024-08-04 10:09:23.604859,0.0,0,,0.0,0,
Adam Wharton,Crystal Palace,MID,50,3.0,4.284144656200511,3.0,0.0,0,,24,2024-08-04 10:09:23.604859,0.0,0,,1.0,0,1.0
Adama Traoré,Fulham,MID,49,10.0,2.399256037435327,0.0,0.0,0,,24,2024-08-04 10:09:23.604859,0.0,0,,0.0,0,
Ademola Ola-Adebomi,Crystal Palace,FWD,45,0.0,0.3647635064674506,0.0,0.0,0,,24,2024-08-04 10:09:23.604859,0.0,0,,0.0,0,
Adrián San Miguel del Castillo,Liverpool,GK,38,0.0,0.3647635064674506,0.0,0.0,0,,24,2024-08-04 10:09:23.604859,0.0,0,,0.0,0,
Alejandro Garnacho,Manchester Utd,MID,50,3.0,4.043865086048865,2.0,0.0,0,,24,2024-08-04 10:09:23.604859,0.0,0,,0.0,0,
Alejo Véliz,Tottenham,FWD,54,0.0,0.42193403210371977,0.0,0.0,0,,24,2024-08-04 10:09:23.604859,0.0,0,,0.0,0,
Aleksandar Mitrović,Fulham,FWD,74,0.0,0.3587642231813095,0.0,0.0,0,,24,2024-08-04 10:09:23.604859,0.0,0,,0.0,0,
Alex Iwobi,Fulham,MID,53,2.0,3.2739928433733074,2.0,0.0,0,,24,2024-08-04 10:09:23.604859,0.0,0,,0.0,0,
Alex Matos,Chelsea,MID,45,0.0,0.3647635064674506,0.0,0.0,0,,24,2024-08-04 10:09:23.604859,0.0,0,,0.0,0,
Alex Mighten,Nottingham,MID,44,0.0,0.3647635064674506,0.0,0.0,0,,24,2024-08-04 10:09:23.604859,0.0,0,,0.0,0,
Alex Murphy,Newcastle,DEF,39,0.0,0.38503643248371744,0.0,0.0,0,,24,2024-08-04 10:09:23.604859,0.0,0,,0.0,0,
Alex Scott,Bournemouth,MID,49,1.0,2.0199044701730866,1.0,0.0,0,,24,2024-08-04 10:09:23.604859,0.0,0,,0.0,0,
Alex Telles,Manchester Utd,DEF,45,0.0,0.3647635064674506,0.0,0.0,0,,24,2024-08-04 10:09:23.604859,0.0,0,,0.0,0,
Alexandre Moreno Lopera,Aston Villa,DEF,49,0.0,0.9486018476787498,0.0,0.0,0,,24,2024-08-04 10:09:23.604859,0.0,0,,0.0,0,
Alexis Mac Allister,Liverpool,MID,59,9.0,2.8796571962775324,2.0,0.0,0,,24,2024-08-04 10:09:23.604859,0.0,0,,0.0,0,
Alfie Dorrington,Tottenham,DEF,40,0.0,0.3647635064674506,0.0,0.0,0,,24,2024-08-04 10:09:23.604859,0.0,0,,0.0,0,
Alfie Gilchrist,Chelsea,DEF,40,0.0,1.1130514453511335,0.0,0.0,0,,24,2024-08-04 10:09:23.604859,0.0,0,,0.0,0,
Alfie Whiteman,Tottenham,GK,39,0.0,0.3647635064674506,0.0,0.0,0,,24,2024-08-04 10:09:23.604859,0.0,0,,0.0,0,
Alisson Ramses Becker,Liverpool,GK,57,6.0,2.517256110528348,2.0,0.0,0,,24,2024-08-04 10:09:23.604859,0.0,0,,0.0,0,
Allan Saint-Maximin,Newcastle,MID,60,0.0,0.3647635064674506,0.0,0.0,0,,24,2024-08-04 10:09:23.604859,0.0,0,,0.0,0,
Alphonse Areola,West Ham,GK,42,4.0,2.608638095103297,2.0,0.0,0,,24,2024-08-04 10:09:23.604859,0.0,0,,1.0,0,1.0
Altay Bayindir,Manchester Utd,GK,39,0.0,0.3647635064674506,0.0,0.0,0,,24,2024-08-04 10:09:23.604859,0.0,0,,0.0,0,
Amad Diallo,Manchester Utd,MID,44,3.0,2.785810512062886,0.0,0.0,0,,24,2024-08-04 10:09:23.604859,0.0,0,,0.0,0,
Amadou Diallo,Newcastle,MID,45,0.0,0.3587642231813095,0.0,0.0,0,,24,2024-08-04 10:09:23.604859,0.0,0,,0.0,0,
Amadou Onana,Everton,MID,47,2.0,2.138467384708535,1.0,0.0,0,,24,2024-08-04 10:09:23.604859,0.0,0,,0.0,0,
Amara Nallo,Liverpool,DEF,40,0.0,0.3647635064674506,0.0,0.0,0,,24,2024-08-04 10:09:23.604859,0.0,0,,0.0,0,
Andi Zeqiri,Brighton,FWD,44,0.0,0.3647635064674506,0.0,0.0,0,,24,2024-08-04 10:09:23.604859,0.0,0,,0.0,0,
Andreas Hoelgebaum Pereira,Fulham,MID,53,0.0,2.492193385136514,2.0,0.0,0,,24,2024-08-04 10:09:23.604859,0.0,0,,0.0,0,
Andrew Omobamidele,Nottingham,DEF,45,0.0,0.6076949293460924,0.0,0.0,0,,24,2024-08-04 10:09:23.604859,0.0,0,,0.0,0,
Andrew Robertson,Liverpool,DEF,65,8.0,3.309393478030808,1.0,0.0,0,,24,2024-08-04 10:09:23.604859,0.0,0,,0.0,0,
Andrey Nascimento dos Santos,Chelsea,MID,42,0.0,0.3647635064674506,0.0,0.0,0,,24,2024-08-04 10:09:23.604859,0.0,0,,0.0,0,
André Tavares Gomes,Everton,MID,44,0.0,0.9044337976044442,0.0,0.0,0,,24,2024-08-04 10:09:23.604859,0.0,0,,0.0,0,
Andy Lonergan,Everton,GK,39,0.0,0.3647635064674506,0.0,0.0,0,,24,2024-08-04 10:09:23.604859,0.0,0,,0.0,0,
Angelo Ogbonna,West Ham,DEF,42,0.0,0.8927257917323769,0.0,0.0,0,,24,2024-08-04 10:09:23.604859,0.0,0,,0.0,0,
Anssumane Fati Vieira,Brighton,MID,64,1.0,1.3430536008412053,1.0,0.0,0,,24,2024-08-04 10:09:23.604859,0.0,0,,0.0,0,
Anthony Elanga,Nottingham,MID,49,5.0,2.739337704839075,2.0,0.0,0,,24,2024-08-04 10:09:23.604859,0.0,0,,0.0,0,
Anthony Gordon,Newcastle,MID,64,0.0,1.8821810796650207,4.0,0.0,0,,24,2024-08-04 10:09:23.604859,0.0,0,,1.0,0,1.0
Anthony Knockaert,Fulham,MID,44,0.0,0.3647635064674506,0.0,0.0,0,,24,2024-08-04 10:09:23.604859,0.0,0,,0.0,0,
Anthony Martial,Manchester Utd,FWD,64,0.0,0.5611279803786452,0.0,0.0,0,,24,2024-08-04 10:09:23.604859,0.0,0,,0.0,0,
Antoine Semenyo,Bournemouth,FWD,45,1.0,3.2754641302244463,2.0,0.0,0,,24,2024-08-04 10:09:23.604859,0.0,0,,1.0,0,0.0
Antonee Robinson,Fulham,DEF,45,0.0,1.8411422328422165,2.0,0.0,0,,24,2024-08-04 10:09:23.604859,0.0,0,,0.0,0,
Antony Matheus dos Santos,Manchester Utd,MID,68,0.0,1.0577015807066472,1.0,0.0,0,,24,2024-08-04 10:09:23.604859,0.0,0,,0.0,0,
Armando Broja,Fulham,FWD,49,0.0,0.8776845932632189,0.0,0.0,0,,24,2024-08-04 10:09:23.604859,0.0,0,,0.0,0,
Arnaut Danjuma Groeneveld,Everton,MID,52,0.0,0.4811721888189722,0.0,0.0,0,,24,2024-08-04 10:09:23.604859,0.0,0,,0.0,0,
Ashley Phillips,Tottenham,DEF,40,0.0,0.3647635064674506,0.0,0.0,0,,24,2024-08-04 10:09:23.604859,0.0,0,,0.0,0,
Ashley Young,Everton,DEF,44,1.0,2.721493367459568,1.0,0.0,0,,24,2024-08-04 10:09:23.604859,0.0,0,,0.0,0,
Axel Disasi,Chelsea,DEF,49,0.0,1.1397257871205757,1.0,0.0,0,,24,2024-08-04 10:09:23.604859,0.0,0,,0.0,0,
Aymeric Laporte,Manchester City,DEF,49,0.0,0.3587642231813095,0.0,0.0,0,,24,2024-08-04 10:09:23.604859,0.0,0,,0.0,0,
Bart Verbruggen,Brighton,GK,44,0.0,2.104783914958304,1.0,0.0,0,,24,2024-08-04 10:09:23.604859,0.0,0,,0.0,0,
Bashir Humphreys,Chelsea,DEF,40,0.0,0.3647635064674506,0.0,0.0,0,,24,2024-08-04 10:09:23.604859,0.0,0,,0.0,0,
Ben Chilwell,Chelsea,DEF,54,0.0,0.5578490059371707,0.0,0.0,0,,24,2024-08-04 10:09:23.604859,0.0,0,,0.0,0,
Ben Davies,Tottenham,DEF,43,0.0,0.5859038771948438,0.0,0.0,0,,24,2024-08-04 10:09:23.604859,0.0,0,,0.0,0,
Ben Doak,Liverpool,MID,43,0.0,0.3587642231813095,0.0,0.0,0,,24,2024-08-04 10:09:23.604859,0.0,0,,0.0,0,
Ben Godfrey,Everton,DEF,43,0.0,1.4744233746008815,0.0,0.0,0,,24,2024-08-04 10:09:23.604859,0.0,0,,0.0,0,
Ben Greenwood,Bournemouth,DEF,40,0.0,0.3647635064674506,0.0,0.0,0,,24,2024-08-04 10:09:23.604859,0.0,0,,0.0,0,
Ben Jackson,Brighton,DEF,40,0.0,0.3647635064674506,0.0,0.0,0,,24,2024-08-04 10:09:23.604859,0.0,0,,0.0,0,
Ben Johnson,West Ham,DEF,44,0.0,0.5527018076213449,0.0,0.0,0,,24,2024-08-04 10:09:23.604859,0.0,0,,0.0,0,
Ben Mee,Brentford,DEF,47,0.0,0.5882655971130101,0.0,0.0,0,,24,2024-08-04 10:09:23.604859,0.0,0,,0.0,0,
Ben Parkinson,Newcastle,FWD,45,0.0,0.25755359447679865,0.0,0.0,0,,24,2024-08-04 10:09:23.604859,0.0,0,,0.0,0,
Ben Pearson,Bournemouth,MID,45,0.0,0.3647635064674506,0.0,0.0,0,,24,2024-08-04 10:09:23.604859,0.0,0,,0.0,0,
Bendegúz Bolla,Wolves,DEF,40,0.0,0.3647635064674506,0.0,0.0,0,,24,2024-08-04 10:09:23.604859,0.0,0,,0.0,0,
Benicio Baker-Boaitey,Brighton,MID,45,0.0,0.3087817641850153,0.0,0.0,0,,24,2024-08-04 10:09:23.604859,0.0,0,,0.0,0,
Benjamin Arthur,Brentford,DEF,40,0.0,0.3647635064674506,0.0,0.0,0,,24,2024-08-04 10:09:23.604859,0.0,0,,0.0,0,
Benjamin Fredrick,Brentford,DEF,40,0.0,0.3647635064674506,0.0,0.0,0,,24,2024-08-04 10:09:23.604859,0.0,0,,0.0,0,
Benjamin White,Arsenal,DEF,61,2.0,5.023393639352247,4.0,0.0,0,,24,2024-08-04 10:09:23.604859,1.0,0,1.0,1.0,0,1.0
Benoît Badiashile,Chelsea,DEF,44,0.0,1.7818260399628603,0.0,0.0,0,,24,2024-08-04 10:09:23.604859,0.0,0,,0.0,0,
Bernardo Veiga de Carvalho e Silva,Manchester City,MID,62,10.0,3.5675848932720977,2.0,0.0,0,,24,2024-08-04 10:09:23.604859,0.0,0,,0.0,0,
Bernd Leno,Fulham,GK,48,2.0,3.2720766905505476,2.0,0.0,0,,24,2024-08-04 10:09:23.604859,0.0,0,,0.0,0,
Bertrand Traoré,Aston Villa,MID,50,0.0,0.3587642231813095,0.0,0.0,0,,24,2024-08-04 10:09:23.604859,0.0,0,,0.0,0,
Billy Crellin,Everton,GK,40,0.0,0.14183813891227323,0.0,0.0,0,,24,2024-08-04 10:09:23.604859,0.0,0,,0.0,0,
Billy Gilmour,Brighton,MID,48,0.0,1.372405491501938,1.0,0.0,0,,24,2024-08-04 10:09:23.604859,0.0,0,,0.0,0,
Bobby Clark,Liverpool,MID,44,0.0,0.26274948393154285,0.0,0.0,0,,24,2024-08-04 10:09:23.604859,0.0,0,,0.0,0,
Bobby De Cordova-Reid,Fulham,MID,52,1.0,2.2465520481370125,1.0,0.0,0,,24,2024-08-04 10:09:23.604859,0.0,0,,0.0,0,
Boubacar Kamara,Aston Villa,MID,50,0.0,0.4981382215569446,1.0,0.0,0,,24,2024-08-04 10:09:23.604859,0.0,0,,0.0,0,
Boubacar Traoré,Wolves,MID,43,1.0,1.2379695046036332,1.0,0.0,0,,24,2024-08-04 10:09:23.604859,0.0,0,,0.0,0,
Bradley Ibrahim,Arsenal,MID,45,0.0,0.3647635064674506,0.0,0.0,0,,24,2024-08-04 10:09:23.604859,0.0,0,,0.0,0,
Braian Ojeda Rodríguez,Nottingham,MID,45,0.0,0.3647635064674506,0.0,0.0,0,,24,2024-08-04 10:09:23.604859,0.0,0,,0.0,0,
Brandon Aguilera Zamora,Nottingham,MID,45,0.0,0.3587642231813095,0.0,0.0,0,,24,2024-08-04 10:09:23.604859,0.0,0,,0.0,0,
Brandon Austin,Tottenham,GK,39,0.0,0.3647635064674506,0.0,0.0,0,,24,2024-08-04 10:09:23.604859,0.0,0,,0.0,0,
Brandon Williams,Manchester Utd,DEF,40,0.0,0.3647635064674506,0.0,0.0,0,,24,2024-08-04 10:09:23.604859,0.0,0,,0.0,0,
Brennan Johnson,Tottenham,MID,58,6.0,3.6289219152229717,2.0,0.0,0,,24,2024-08-04 10:09:23.604859,0.0,0,,0.0,0,
Bruno Borges Fernandes,Manchester Utd,MID,85,0.0,2.460382759232033,2.0,0.0,0,,24,2024-08-04 10:09:23.604859,0.0,0,,0.0,0,
Bruno Cavaco Jordão,Wolves,MID,43,0.0,0.3647635064674506,0.0,0.0,0,,24,2024-08-04 10:09:23.604859,0.0,0,,0.0,0,
Bryan Gil Salvatierra,Tottenham,MID,49,0.0,0.46015541304081026,0.0,0.0,0,,24,2024-08-04 10:09:23.604859,0.0,0,,0.0,0,
Bryan Mbeumo,Brentford,MID,68,2.0,3.5238371664933474,2.0,0.0,0,,24,2024-08-04 10:09:23.604859,0.0,0,,0.0,0,
Bukayo Saka,Arsenal,MID,88,0.0,3.50040597323108,5.0,0.0,0,,24,2024-08-04 10:09:23.604859,0.0,0,,1.0,0,1.0
Callan McKenna,Bournemouth,GK,40,0.0,0.3677589128248548,0.0,0.0,0,,24,2024-08-04 10:09:23.604859,0.0,0,,0.0,0,
Callum Hudson-Odoi,Nottingham,MID,47,2.0,3.809402752333104,2.0,0.0,0,,24,2024-08-04 10:09:23.604859,0.0,0,,0.0,0,
Callum Marshall,West Ham,FWD,45,0.0,0.3647635064674506,0.0,0.0,0,,24,2024-08-04 10:09:23.604859,0.0,0,,0.0,0,
Callum Scanlon,Liverpool,DEF,39,0.0,0.3647635064674506,0.0,0.0,0,,24,2024-08-04 10:09:23.604859,0.0,0,,0.0,0,
Callum Wilson,Newcastle,FWD,78,1.0,1.9651990285911949,1.0,0.0,0,,24,2024-08-04 10:09:23.604859,0.0,0,,0.0,0,
Calum Chambers,Aston Villa,DEF,38,0.0,1.31627066097274,0.0,0.0,0,,24,2024-08-04 10:09:23.604859,0.0,0,,0.0,0,
Calvin Bassey,Fulham,DEF,44,1.0,2.412731640432504,1.0,0.0,0,,24,2024-08-04 10:09:23.604859,0.0,0,,0.0,0,
Cameron Peupion,Brighton,MID,45,0.0,0.3647635064674506,0.0,0.0,0,,24,2024-08-04 10:09:23.604859,0.0,0,,0.0,0,
Caoimhin Kelleher,Liverpool,GK,36,0.0,0.9019348030147205,0.0,0.0,0,,24,2024-08-04 10:09:23.604859,0.0,0,,0.0,0,
Carlos Baleba,Brighton,MID,45,2.0,1.7402358377461076,1.0,0.0,0,,24,2024-08-04 10:09:23.604859,0.0,0,,0.0,0,
Carlos Henrique Casimiro,Manchester Utd,MID,53,5.0,2.6288850479940242,1.0,0.0,0,,24,2024-08-04 10:09:23.604859,0.0,0,,0.0,0,
Carlos Vinícius Alves Morais,Fulham,FWD,45,0.0,0.5163663833395558,0.0,0.0,0,,24,2024-08-04 10:09:23.604859,0.0,0,,0.0,0,
Carney Chukwuemeka,Chelsea,MID,42,0.0,0.49333945826707604,0.0,0.0,0,,24,2024-08-04 10:09:23.604859,0.0,0,,0.0,0,
Cesare Casadei,Chelsea,MID,45,1.0,1.4228441385214972,1.0,0.0,0,,24,2024-08-04 10:09:23.604859,0.0,0,,0.0,0,
Charles Sagoe,Arsenal,MID,45,0.0,0.3647635064674506,0.0,0.0,0,,24,2024-08-04 10:09:23.604859,0.0,0,,0.0,0,
Charlie Goode,Brentford,DEF,39,0.0,0.3647635064674506,0.0,0.0,0,,24,2024-08-04 10:09:23.604859,0.0,0,,0.0,0,
Cheick Doucouré,Crystal Palace,MID,48,0.0,0.4906908042108587,0.0,0.0,0,,24,2024-08-04 10:09:23.604859,0.0,0,,0.0,0,
Cheikhou Kouyaté,Nottingham,MID,48,1.0,0.9988810125562724,0.0,0.0,0,,24,2024-08-04 10:09:23.604859,0.0,0,,0.0,0,
Chris Mepham,Bournemouth,DEF,43,0.0,0.5040612261934018,0.0,0.0,0,,24,2024-08-04 10:09:23.604859,0.0,0,,0.0,0,
Chris Richards,Crystal Palace,DEF,39,6.0,3.463883674751898,1.0,0.0,0,,24,2024-08-04 10:09:23.604859,0.0,0,,0.0,0,
Chris Wood,Nottingham,FWD,47,13.0,4.148688281097059,2.0,0.0,0,,24,2024-08-04 10:09:23.604859,0.0,0,,1.0,0,0.0
Christian Eriksen,Manchester Utd,MID,58,4.0,2.0402033035296143,1.0,0.0,0,,24,2024-08-04 10:09:23.604859,0.0,0,,0.0,0,
Christian Nørgaard,Brentford,MID,52,2.0,2.4329717160090483,2.0,0.0,0,,24,2024-08-04 10:09:23.604859,0.0,0,,0.0,0,
Christian Pulisic,Chelsea,MID,55,0.0,0.3647635064674506,0.0,0.0,0,,24,2024-08-04 10:09:23.604859,0.0,0,,0.0,0,
Christopher Nkunku,Chelsea,FWD,72,1.0,2.019227392175858,0.0,0.0,0,,24,2024-08-04 10:09:23.604859,0.0,0,,0.0,0,
Clément Lenglet,Aston Villa,DEF,45,-1.0,0.7457788955828413,0.0,0.0,0,,24,2024-08-04 10:09:23.604859,0.0,0,,0.0,0,
Cody Gakpo,Liverpool,FWD,71,2.0,4.123189853600763,1.0,0.0,0,,24,2024-08-04 10:09:23.604859,0.0,0,,0.0,0,
Cole Palmer,Chelsea,MID,63,6.0,6.1179929586389425,6.0,0.0,0,,24,2024-08-04 10:09:23.604859,1.0,0,1.0,1.0,1,1.0
Conor Bradley,Liverpool,DEF,41,1.0,2.959241657562021,0.0,0.0,0,,24,2024-08-04 10:09:23.604859,0.0,0,,0.0,0,
Conor Coventry,West Ham,MID,43,0.0,0.3647635064674506,0.0,0.0,0,,24,2024-08-04 10:09:23.604859,0.0,0,,0.0,0,
Conor Gallagher,Chelsea,MID,54,2.0,4.042274020469422,2.0,0.0,0,,24,2024-08-04 10:09:23.604859,0.0,0,,0.0,0,
Craig Dawson,Wolves,DEF,45,0.0,0.8450131544011762,1.0,0.0,0,,24,2024-08-04 10:09:23.604859,0.0,0,,0.0,0,
Cristian Romero,Tottenham,DEF,51,6.0,2.962077874907598,1.0,0.0,0,,24,2024-08-04 10:09:23.604859,0.0,0,,0.0,0,
Curtis Jones,Liverpool,MID,49,1.0,1.5119362869276824,1.0,0.0,0,,24,2024-08-04 10:09:23.604859,0.0,0,,0.0,0,
Cédric Alves Soares,Arsenal,DEF,38,0.0,0.26274948393154285,0.0,0.0,0,,24,2024-08-04 10:09:23.604859,0.0,0,,0.0,0,
César Azpilicueta,Chelsea,DEF,45,0.0,0.3647635064674506,0.0,0.0,0,,24,2024-08-04 10:09:23.604859,0.0,0,,0.0,0,
Dan Burn,Newcastle,DEF,47,0.0,1.603159155827426,1.0,0.0,0,,24,2024-08-04 10:09:23.604859,0.0,0,,0.0,0,
Dane Scarlett,Tottenham,FWD,45,1.0,0.9236008180235986,0.0,0.0,0,,24,2024-08-04 10:09:23.604859,0.0,0,,0.0,0,
Dango Ouattara,Bournemouth,MID,47,1.0,2.1959449665207176,1.0,0.0,0,,24,2024-08-04 10:09:23.604859,0.0,0,,0.0,0,
Daniel Bentley,Wolves,GK,39,0.0,0.9518296449636486,0.0,0.0,0,,24,2024-08-04 10:09:23.604859,0.0,0,,0.0,0,
Daniel Castelo Podence,Wolves,MID,53,0.0,0.3647635064674506,0.0,0.0,0,,24,2024-08-04 10:09:23.604859,0.0,0,,0.0,0,
Daniel Gore,Manchester Utd,MID,45,0.0,0.3587642231813095,0.0,0.0,0,,24,2024-08-04 10:09:23.604859,0.0,0,,0.0,0,
Danilo dos Santos de Oliveira,Nottingham,MID,53,2.0,2.6705864801716865,1.0,0.0,0,,24,2024-08-04 10:09:23.604859,0.0,0,,0.0,0,
Danny Ings,West Ham,FWD,55,1.0,1.8434596734102155,0.0,0.0,0,,24,2024-08-04 10:09:23.604859,0.0,0,,0.0,0,
Danny Welbeck,Brighton,FWD,57,2.0,2.608903218261761,2.0,0.0,0,,24,2024-08-04 10:09:23.604859,0.0,0,,0.0,0,
Darren Randolph,Bournemouth,GK,39,0.0,0.3647635064674506,0.0,0.0,0,,24,2024-08-04 10:09:23.604859,0.0,0,,0.0,0,
Darwin Núñez Ribeiro,Liverpool,FWD,75,1.0,2.3566285672390346,2.0,0.0,0,,24,2024-08-04 10:09:23.604859,0.0,0,,0.0,0,
David Brooks,Bournemouth,MID,47,0.0,0.49898733407716117,0.0,0.0,0,,24,2024-08-04 10:09:23.604859,0.0,0,,0.0,0,
David Ozoh,Crystal Palace,MID,45,0.0,0.39297207126465333,0.0,0.0,0,,24,2024-08-04 10:09:23.604859,0.0,0,,0.0,0,
David Raya Martin,Arsenal,GK,53,2.0,3.5539172686056406,2.0,0.0,0,,24,2024-08-04 10:09:23.604859,1.0,0,0.0,0.0,0,
Davinson Sánchez,Tottenham,DEF,44,0.0,0.3647635064674506,0.0,0.0,0,,24,2024-08-04 10:09:23.604859,0.0,0,,0.0,0,
Dean Henderson,Crystal Palace,GK,44,6.0,2.6245856508912984,0.0,0.0,0,,24,2024-08-04 10:09:23.604859,0.0,0,,0.0,0,
Declan Rice,Arsenal,MID,55,1.0,4.109037925313063,3.0,0.0,0,,24,2024-08-04 10:09:23.604859,0.0,0,,0.0,0,
Deivid Washington de Souza Eugênio,Chelsea,FWD,45,0.0,0.3104279034267167,0.0,0.0,0,,24,2024-08-04 10:09:23.604859,0.0,0,,0.0,0,
Dele Alli,Everton,MID,48,0.0,0.3647635064674506,0.0,0.0,0,,24,2024-08-04 10:09:23.604859,0.0,0,,0.0,0,
Demarai Gray,Everton,MID,53,0.0,0.3647635064674506,0.0,0.0,0,,24,2024-08-04 10:09:23.604859,0.0,0,,0.0,0,
Deniz Undav,Brighton,FWD,55,0.0,0.3647635064674506,0.0,0.0,0,,24,2024-08-04 10:09:23.604859,0.0,0,,0.0,0,
Dermot Mee,Manchester Utd,GK,40,0.0,0.3647635064674506,0.0,0.0,0,,24,2024-08-04 10:09:23.604859,0.0,0,,0.0,0,
Destiny Udogie,Tottenham,DEF,49,0.0,0.8792836823224279,1.0,0.0,0,,24,2024-08-04 10:09:23.604859,0.0,0,,0.0,0,
Detlef Esapa Osong,Nottingham,FWD,45,0.0,0.3647635064674506,0.0,0.0,0,,24,2024-08-04 10:09:23.604859,0.0,0,,0.0,0,
Devan Tanton,Fulham,DEF,40,0.0,0.3647635064674506,0.0,0.0,0,,24,2024-08-04 10:09:23.604859,0.0,0,,0.0,0,
Diego Carlos Santos Silva,Aston Villa,DEF,44,0.0,1.5308759933661322,1.0,0.0,0,,24,2024-08-04 10:09:23.604859,0.0,0,,0.0,0,
Diego Manuel Jadon da Silva Moreira,Chelsea,MID,45,0.0,0.3647635064674506,0.0,0.0,0,,24,2024-08-04 10:09:23.604859,0.0,0,,0.0,0,
Diogo Teixeira da Silva,Liverpool,MID,79,0.0,1.6653066494202715,1.0,0.0,0,,24,2024-08-04 10:09:23.604859,0.0,0,,0.0,0,
Divin Mubama,West Ham,FWD,41,0.0,0.25755359447679865,0.0,0.0,0,,24,2024-08-04 10:09:23.604859,0.0,0,,0.0,0,
Divock Origi,Nottingham,FWD,50,0.0,0.5477042856709353,1.0,0.0,0,,24,2024-08-04 10:09:23.604859,0.0,0,,0.0,0,
Djed Spence,Tottenham,DEF,40,0.0,0.3647635064674506,0.0,0.0,0,,24,2024-08-04 10:09:23.604859,0.0,0,,0.0,0,
Dominic Calvert-Lewin,Everton,FWD,58,2.0,2.9781991425610785,2.0,0.0,0,,24,2024-08-04 10:09:23.604859,0.0,0,,0.0,0,
Dominic Sadi,Bournemouth,MID,45,0.0,0.42523349065977967,0.0,0.0,0,,24,2024-08-04 10:09:23.604859,0.0,0,,0.0,0,
Dominic Solanke,Bournemouth,FWD,69,1.0,3.5288919957335105,2.0,0.0,0,,24,2024-08-04 10:09:23.604859,0.0,0,,0.0,0,
Dominik Szoboszlai,Liverpool,MID,71,1.0,2.334800922310242,2.0,0.0,0,,24,2024-08-04 10:09:23.604859,0.0,0,,0.0,0,
Donny van de Beek,Manchester Utd,MID,47,0.0,0.3647635064674506,0.0,0.0,0,,24,2024-08-04 10:09:23.604859,0.0,0,,0.0,0,
Douglas Luiz Soares de Paulo,Aston Villa,MID,54,1.0,2.7141435298696086,2.0,0.0,0,,24,2024-08-04 10:09:23.604859,0.0,0,,0.0,0,
Dwight McNeil,Everton,MID,54,5.0,3.3785895205750807,2.0,0.0,0,,24,2024-08-04 10:09:23.604859,0.0,0,,0.0,0,
Eddie Beach,Chelsea,GK,40,0.0,0.3647635064674506,0.0,0.0,0,,24,2024-08-04 10:09:23.604859,0.0,0,,0.0,0,
Eddie Nketiah,Arsenal,FWD,50,0.0,0.7087947012770501,1.0,0.0,0,,24,2024-08-04 10:09:23.604859,0.0,0,,0.0,0,
Ederson Santana de Moraes,Manchester City,GK,55,0.0,2.561932869486536,2.0,0.0,0,,24,2024-08-04 10:09:23.604859,0.0,0,,0.0,0,
Edson Álvarez Velázquez,West Ham,MID,50,0.0,1.2874027322067925,1.0,0.0,0,,24,2024-08-04 10:09:23.604859,0.0,0,,0.0,0,
Elijah Campbell,Everton,DEF,40,0.0,0.3647635064674506,0.0,0.0,0,,24,2024-08-04 10:09:23.604859,0.0,0,,0.0,0,
Ellery Balcombe,Brentford,GK,39,0.0,0.3647635064674506,0.0,0.0,0,,24,2024-08-04 10:09:23.604859,0.0,0,,0.0,0,
Elliot Anderson,Newcastle,MID,42,1.0,2.305994875807191,1.0,0.0,0,,24,2024-08-04 10:09:23.604859,0.0,0,,0.0,0,
Ellis Simms,Everton,FWD,45,0.0,0.3647635064674506,0.0,0.0,0,,24,2024-08-04 10:09:23.604859,0.0,0,,0.0,0,
Emerson Aparecido Leite de Souza Junior,Tottenham,DEF,43,1.0,1.2215183408147487,0.0,0.0,0,,24,2024-08-04 10:09:23.604859,0.0,0,,0.0,0,
Emerson Palmieri dos Santos,West Ham,DEF,43,1.0,2.1741766349576794,1.0,0.0,0,,24,2024-08-04 10:09:23.604859,0.0,0,,0.0,0,
Emil Krafth,Newcastle,DEF,44,0.0,1.1934974568523729,0.0,0.0,0,,24,2024-08-04 10:09:23.604859,0.0,0,,0.0,0,
Emile Smith Rowe,Arsenal,MID,53,1.0,1.2190921273598536,0.0,0.0,0,,24,2024-08-04 10:09:23.604859,0.0,0,,0.0,0,
Emiliano Buendía Stati,Aston Villa,MID,57,0.0,0.3647635064674506,0.0,0.0,0,,24,2024-08-04 10:09:23.604859,0.0,0,,0.0,0,
Emiliano Marcondes,Bournemouth,MID,43,0.0,0.3647635064674506,0.0,0.0,0,,24,2024-08-04 10:09:23.604859,0.0,0,,0.0,0,
Emiliano Martínez Romero,Aston Villa,GK,52,0.0,1.5589008703867067,2.0,0.0,0,,24,2024-08-04 10:09:23.604859,0.0,0,,0.0,0,
Emmanuel Dennis,Nottingham,FWD,48,0.0,0.3647635064674506,0.0,0.0,0,,24,2024-08-04 10:09:23.604859,0.0,0,,0.0,0,
Enes Ünal,Bournemouth,FWD,50,5.0,2.534208359663969,1.0,0.0,0,,24,2024-08-04 10:09:23.604859,0.0,0,,0.0,0,
Enso González,Wolves,MID,50,0.0,0.6548376353291473,0.0,0.0,0,,24,2024-08-04 10:09:23.604859,0.0,0,,0.0,0,
Enzo Fernández,Chelsea,MID,48,0.0,1.1042674621162372,2.0,0.0,0,,24,2024-08-04 10:09:23.604859,0.0,0,,0.0,0,
Eric Bailly,Manchester Utd,DEF,40,0.0,0.3647635064674506,0.0,0.0,0,,24,2024-08-04 10:09:23.604859,0.0,0,,0.0,0,
Eric Dier,Tottenham,DEF,42,0.0,0.2971400596589038,0.0,0.0,0,,24,2024-08-04 10:09:23.604859,0.0,0,,0.0,0,
Erling Haaland,Manchester City,FWD,143,2.0,6.644238011262843,4.0,0.0,0,,24,2024-08-04 10:09:23.604859,1.0,1,1.0,0.0,0,
Ethan Ampadu,Chelsea,DEF,40,0.0,0.3647635064674506,0.0,0.0,0,,24,2024-08-04 10:09:23.604859,0.0,0,,0.0,0,
Ethan Brierley,Brentford,MID,45,0.0,0.3647635064674506,0.0,0.0,0,,24,2024-08-04 10:09:23.604859,0.0,0,,0.0,0,
Ethan Horvath,Nottingham,GK,43,0.0,0.3647635064674506,0.0,0.0,0,,24,2024-08-04 10:09:23.604859,0.0,0,,0.0,0,
Ethan Nwaneri,Arsenal,MID,45,0.0,0.3587642231813095,0.0,0.0,0,,24,2024-08-04 10:09:23.604859,0.0,0,,0.0,0,
Ethan Pinnock,Brentford,DEF,45,0.0,1.716947079530531,1.0,0.0,0,,24,2024-08-04 10:09:23.604859,0.0,0,,0.0,0,
Ethan Wheatley,Manchester Utd,FWD,45,0.0,0.7304846008570364,0.0,0.0,0,,24,2024-08-04 10:09:23.604859,0.0,0,,0.0,0,
Evan Ferguson,Brighton,FWD,57,0.0,0.6344263006851996,1.0,0.0,0,,24,2024-08-04 10:09:23.604859,0.0,0,,0.0,0,
Ezri Konsa Ngoyo,Aston Villa,DEF,45,0.0,1.608232181020104,1.0,0.0,0,,24,2024-08-04 10:09:23.604859,0.0,0,,0.0,0,
Fabian Mrozek,Liverpool,GK,40,0.0,0.3647635064674506,0.0,0.0,0,,24,2024-08-04 10:09:23.604859,0.0,0,,0.0,0,
Fabian Schär,Newcastle,DEF,56,1.0,2.6455611188022723,1.0,0.0,0,,24,2024-08-04 10:09:23.604859,0.0,0,,0.0,0,
Fabio Henrique Tavares,Liverpool,MID,50,0.0,0.3647635064674506,0.0,0.0,0,,24,2024-08-04 10:09:23.604859,0.0,0,,0.0,0,
Facundo Buonanotte,Brighton,MID,47,0.0,2.2550182068809494,1.0,0.0,0,,24,2024-08-04 10:09:23.604859,0.0,0,,0.0,0,
Facundo Pellistri Rebollo,Manchester Utd,MID,42,0.0,0.42087782697373843,0.0,0.0,0,,24,2024-08-04 10:09:23.604859,0.0,0,,0.0,0,
Felipe Augusto de Almeida Monteiro,Nottingham,DEF,44,0.0,0.4567882975897815,0.0,0.0,0,,24,2024-08-04 10:09:23.604859,0.0,0,,0.0,0,
Filip Marschall,Aston Villa,GK,40,0.0,0.3647635064674506,0.0,0.0,0,,24,2024-08-04 10:09:23.604859,0.0,0,,0.0,0,
Finley Munroe,Aston Villa,DEF,40,1.0,0.9967387830961453,0.0,0.0,0,,24,2024-08-04 10:09:23.604859,0.0,0,,0.0,0,
Fletcher Holman,Wolves,FWD,45,0.0,0.3647635064674506,0.0,0.0,0,,24,2024-08-04 10:09:23.604859,0.0,0,,0.0,0,
Flynn Downes,West Ham,MID,50,0.0,0.3647635064674506,0.0,0.0,0,,24,2024-08-04 10:09:23.604859,0.0,0,,0.0,0,
Fodé Ballo-Touré,Fulham,DEF,45,1.0,0.9971189162508273,0.0,0.0,0,,24,2024-08-04 10:09:23.604859,0.0,0,,0.0,0,
Folarin Balogun,Arsenal,FWD,44,0.0,0.3647635064674506,0.0,0.0,0,,24,2024-08-04 10:09:23.604859,0.0,0,,0.0,0,
Francisco Jorge Tomás Oliveira,Wolves,MID,45,0.0,0.3647635064674506,0.0,0.0,0,,24,2024-08-04 10:09:23.604859,0.0,0,,0.0,0,
Franco Umeh-Chibueze,Crystal Palace,FWD,45,0.0,0.3647635064674506,0.0,0.0,0,,24,2024-08-04 10:09:23.604859,0.0,0,,0.0,0,
Frank Onyeka,Brentford,MID,49,0.0,0.9676140244404148,1.0,0.0,0,,24,2024-08-04 10:09:23.604859,0.0,0,,0.0,0,
Fraser Forster,Tottenham,GK,38,0.0,0.3647635064674506,0.0,0.0,0,,24,2024-08-04 10:09:23.604859,0.0,0,,0.0,0,
Frederico Rodrigues de Paula Santos,Manchester Utd,MID,50,0.0,0.3647635064674506,0.0,0.0,0,,24,2024-08-04 10:09:23.604859,0.0,0,,0.0,0,
Fábio Ferreira Vieira,Arsenal,MID,54,0.0,0.5646013083249267,0.0,0.0,0,,24,2024-08-04 10:09:23.604859,0.0,0,,0.0,0,
Fábio Silva,Wolves,FWD,52,0.0,0.4247284818363881,0.0,0.0,0,,24,2024-08-04 10:09:23.604859,0.0,0,,0.0,0,
Gabriel Fernando de Jesus,Arsenal,FWD,77,1.0,2.2596436348093687,1.0,0.0,0,,24,2024-08-04 10:09:23.604859,0.0,0,,0.0,0,
Gabriel Martinelli Silva,Arsenal,MID,75,2.0,2.4986308034235707,2.0,0.0,0,,24,2024-08-04 10:09:23.604859,0.0,0,,0.0,0,
Gabriel Słonina,Chelsea,GK,40,0.0,0.3647635064674506,0.0,0.0,0,,24,2024-08-04 10:09:23.604859,0.0,0,,0.0,0,
Gabriel dos Santos Magalhães,Arsenal,DEF,54,1.0,3.7879650667007345,2.0,0.0,0,,24,2024-08-04 10:09:23.604859,0.0,0,,0.0,0,
Garang Kuol,Newcastle,MID,45,0.0,0.3647635064674506,0.0,0.0,0,,24,2024-08-04 10:09:23.604859,0.0,0,,0.0,0,
Gavin Kilkenny,Bournemouth,MID,43,0.0,0.3647635064674506,0.0,0.0,0,,24,2024-08-04 10:09:23.604859,0.0,0,,0.0,0,
George Earthy,West Ham,MID,45,1.0,2.2239499008901187,0.0,0.0,0,,24,2024-08-04 10:09:23.604859,0.0,0,,0.0,0,
George Shelvey,Nottingham,GK,39,0.0,0.3647635064674506,0.0,0.0,0,,24,2024-08-04 10:09:23.604859,0.0,0,,0.0,0,
Gianluca Scamacca,West Ham,FWD,60,0.0,0.3647635064674506,0.0,0.0,0,,24,2024-08-04 10:09:23.604859,0.0,0,,0.0,0,
Giovani Lo Celso,Tottenham,MID,48,0.0,1.6248071564165538,1.0,0.0,0,,24,2024-08-04 10:09:23.604859,0.0,0,,0.0,0,
Giovanni Reyna,Nottingham,MID,46,0.0,0.8390890240995744,1.0,0.0,0,,24,2024-08-04 10:09:23.604859,0.0,0,,0.0,0,
Giulian Biancone,Nottingham,DEF,39,0.0,0.3647635064674506,0.0,0.0,0,,24,2024-08-04 10:09:23.604859,0.0,0,,0.0,0,
Gonzalo Montiel,Nottingham,DEF,44,3.0,2.1134755601068953,0.0,0.0,0,,24,2024-08-04 10:09:23.604859,0.0,0,,0.0,0,
Gonçalo Manuel Ganchinho Guedes,Wolves,MID,54,0.0,0.3647635064674506,0.0,0.0,0,,24,2024-08-04 10:09:23.604859,0.0,0,,0.0,0,
Granit Xhaka,Arsenal,MID,60,0.0,0.3647635064674506,0.0,0.0,0,,24,2024-08-04 10:09:23.604859,0.0,0,,0.0,0,
Gustavo Henrique Furtado Scarpa,Nottingham,MID,45,0.0,0.3647635064674506,0.0,0.0,0,,24,2024-08-04 10:09:23.604859,0.0,0,,0.0,0,
Habeeb Ogunneye,Manchester Utd,DEF,40,0.0,0.3647635064674506,0.0,0.0,0,,24,2024-08-04 10:09:23.604859,0.0,0,,0.0,0,
Hakim Ziyech,Chelsea,MID,54,0.0,0.3647635064674506,0.0,0.0,0,,24,2024-08-04 10:09:23.604859,0.0,0,,0.0,0,
Halil Dervişoğlu,Brentford,FWD,45,0.0,0.3647635064674506,0.0,0.0,0,,24,2024-08-04 10:09:23.604859,0.0,0,,0.0,0,
Hamed Traorè,Bournemouth,MID,47,0.0,0.3587642231813095,0.0,0.0,0,,24,2024-08-04 10:09:23.604859,0.0,0,,0.0,0,
Hannibal Mejbri,Manchester Utd,MID,43,0.0,0.4939059704568513,0.0,0.0,0,,24,2024-08-04 10:09:23.604859,0.0,0,,0.0,0,
Harrison Ashby,Newcastle,DEF,40,0.0,0.3647635064674506,0.0,0.0,0,,24,2024-08-04 10:09:23.604859,0.0,0,,0.0,0,
Harrison Reed,Fulham,MID,43,4.0,1.5372848667020256,1.0,0.0,0,,24,2024-08-04 10:09:23.604859,0.0,0,,0.0,0,
Harry Amass,Manchester Utd,DEF,40,0.0,0.36598611386274527,0.0,0.0,0,,24,2024-08-04 10:09:23.604859,0.0,0,,0.0,0,
Harry Arter,Nottingham,MID,43,0.0,0.3647635064674506,0.0,0.0,0,,24,2024-08-04 10:09:23.604859,0.0,0,,0.0,0,
Harry Kane,Tottenham,FWD,125,0.0,0.3647635064674506,0.0,0.0,0,,24,2024-08-04 10:09:23.604859,0.0,0,,0.0,0,
Harry Maguire,Manchester Utd,DEF,43,0.0,1.5701352749064028,0.0,0.0,0,,24,2024-08-04 10:09:23.604859,0.0,0,,0.0,0,
Harry Toffolo,Nottingham,DEF,44,2.0,2.276831189933838,0.0,0.0,0,,24,2024-08-04 10:09:23.604859,0.0,0,,0.0,0,
Harvey Barnes,Newcastle,MID,62,7.0,2.8996105341229437,0.0,0.0,0,,24,2024-08-04 10:09:23.604859,0.0,0,,0.0,0,
Harvey Elliott,Liverpool,MID,48,6.0,3.817167791662541,1.0,0.0,0,,24,2024-08-04 10:09:23.604859,0.0,0,,0.0,0,
Harvey Griffiths,Wolves,MID,45,0.0,0.3647635064674506,0.0,0.0,0,,24,2024-08-04 10:09:23.604859,0.0,0,,0.0,0,
Heung-Min Son,Tottenham,MID,100,7.0,5.128928955078719,3.0,0.0,0,,24,2024-08-04 10:09:23.604859,1.0,0,1.0,0.0,0,
Hugo Bueno López,Wolves,DEF,44,1.0,1.249887327727255,0.0,0.0,0,,24,2024-08-04 10:09:23.604859,0.0,0,,0.0,0,
Hugo Lloris,Tottenham,GK,47,0.0,0.3647635064674506,0.0,0.0,0,,24,2024-08-04 10:09:23.604859,0.0,0,,0.0,0,
Hwang Hee-chan,Wolves,MID,54,2.0,2.6703321465386423,2.0,0.0,0,,24,2024-08-04 10:09:23.604859,0.0,0,,0.0,0,
Hwang Ui-jo,Nottingham,FWD,44,0.0,0.3647635064674506,0.0,0.0,0,,24,2024-08-04 10:09:23.604859,0.0,0,,0.0,0,
Hákon Valdimarsson,Brentford,GK,40,0.0,0.3647635064674506,0.0,0.0,0,,24,2024-08-04 10:09:23.604859,0.0,0,,0.0,0,
Ian Maatsen,Chelsea,MID,51,0.0,0.43266308934963843,0.0,0.0,0,,24,2024-08-04 10:09:23.604859,0.0,0,,0.0,0,
Ibrahim Sangaré,Nottingham,MID,49,1.0,1.1262190054739245,0.0,0.0,0,,24,2024-08-04 10:09:23.604859,0.0,0,,0.0,0,
Ibrahima Konaté,Liverpool,DEF,49,0.0,0.9476049093745773,1.0,0.0,0,,24,2024-08-04 10:09:23.604859,0.0,0,,0.0,0,
Idrissa Gueye,Everton,MID,48,10.0,3.356876990970444,1.0,0.0,0,,24,2024-08-04 10:09:23.604859,0.0,0,,0.0,0,
Igor Julio dos Santos de Paulo,Brighton,DEF,43,1.0,1.9841279683476225,1.0,0.0,0,,24,2024-08-04 10:09:23.604859,0.0,0,,0.0,0,
Illia Zabarnyi,Bournemouth,DEF,44,1.0,2.7010846802604624,1.0,0.0,0,,24,2024-08-04 10:09:23.604859,0.0,0,,0.0,0,
Ionuț Radu,Bournemouth,GK,43,0.0,0.46212080486015106,0.0,0.0,0,,24,2024-08-04 10:09:23.604859,0.0,0,,0.0,0,
Isaac Hayden,Newcastle,MID,44,0.0,0.3647635064674506,0.0,0.0,0,,24,2024-08-04 10:09:23.604859,0.0,0,,0.0,0,
Ishé Samuels-Smith,Chelsea,DEF,40,0.0,0.3647635064674506,0.0,0.0,0,,24,2024-08-04 10:09:23.604859,0.0,0,,0.0,0,
Issa Diop,Fulham,DEF,44,0.0,1.00757789178404,0.0,0.0,0,,24,2024-08-04 10:09:23.604859,0.0,0,,0.0,0,
Ivan Neves Abreu Cavaleiro,Fulham,MID,50,0.0,0.3647635064674506,0.0,0.0,0,,24,2024-08-04 10:09:23.604859,0.0,0,,0.0,0,
Ivan Perišić,Tottenham,DEF,47,0.0,0.4247284818363881,0.0,0.0,0,,24,2024-08-04 10:09:23.604859,0.0,0,,0.0,0,
Ivan Toney,Brentford,FWD,77,4.0,2.646040835260675,0.0,0.0,0,,24,2024-08-04 10:09:23.604859,0.0,0,,0.0,0,
Jack Grealish,Manchester City,MID,72,0.0,1.164941683306026,0.0,0.0,0,,24,2024-08-04 10:09:23.604859,0.0,0,,0.0,0,
Jack Harrison,Everton,MID,55,0.0,1.6757162239134087,2.0,0.0,0,,24,2024-08-04 10:09:23.604859,0.0,0,,0.0,0,
Jack Hinshelwood,Brighton,MID,45,0.0,0.6135356317048025,0.0,0.0,0,,24,2024-08-04 10:09:23.604859,0.0,0,,0.0,0,
Jacob Murphy,Newcastle,MID,48,7.0,3.3410265727890773,1.0,0.0,0,,24,2024-08-04 10:09:23.604859,0.0,0,,0.0,0,
Jacob Ramsey,Aston Villa,MID,59,0.0,0.5040612261934018,0.0,0.0,0,,24,2024-08-04 10:09:23.604859,0.0,0,,0.0,0,
Jacob Wright,Manchester City,MID,45,0.0,0.3647635064674506,0.0,0.0,0,,24,2024-08-04 10:09:23.604859,0.0,0,,0.0,0,
Jadan Raymond,Crystal Palace,MID,45,0.0,0.3647635064674506,0.0,0.0,0,,24,2024-08-04 10:09:23.604859,0.0,0,,0.0,0,
Jaden Philogene-Bidace,Aston Villa,MID,45,0.0,0.3587642231813095,0.0,0.0,0,,24,2024-08-04 10:09:23.604859,0.0,0,,0.0,0,
Jadon Sancho,Manchester Utd,MID,67,0.0,0.3587642231813095,0.0,0.0,0,,24,2024-08-04 10:09:23.604859,0.0,0,,0.0,0,
Jaidon Anthony,Bournemouth,MID,49,0.0,0.3587642231813095,0.0,0.0,0,,24,2024-08-04 10:09:23.604859,0.0,0,,0.0,0,
Jairo Riedewald,Crystal Palace,MID,43,1.0,1.0849854924440396,0.0,0.0,0,,24,2024-08-04 10:09:23.604859,0.0,0,,0.0,0,
Jake O'Brien,Crystal Palace,DEF,40,0.0,0.3647635064674506,0.0,0.0,0,,24,2024-08-04 10:09:23.604859,0.0,0,,0.0,0,
Jakub Kiwior,Arsenal,DEF,40,0.0,1.6979855529504317,1.0,0.0,0,,24,2024-08-04 10:09:23.604859,0.0,0,,0.0,0,
Jakub Moder,Brighton,MID,44,2.0,2.05814610840687,0.0,0.0,0,,24,2024-08-04 10:09:23.604859,0.0,0,,0.0,0,
Jamaal Lascelles,Newcastle,DEF,37,0.0,0.6088174589262196,0.0,0.0,0,,24,2024-08-04 10:09:23.604859,0.0,0,,0.0,0,
Jamal Lewis,Newcastle,DEF,40,0.0,0.3647635064674506,0.0,0.0,0,,24,2024-08-04 10:09:23.604859,0.0,0,,0.0,0,
Jamal Lowe,Bournemouth,MID,49,0.0,0.3647635064674506,0.0,0.0,0,,24,2024-08-04 10:09:23.604859,0.0,0,,0.0,0,
James Garner,Everton,MID,49,2.0,2.4282631365743566,2.0,0.0,0,,24,2024-08-04 10:09:23.604859,0.0,0,,0.0,0,
James Hill,Bournemouth,DEF,40,0.0,0.4351157857989388,0.0,0.0,0,,24,2024-08-04 10:09:23.604859,0.0,0,,0.0,0,
James Maddison,Tottenham,MID,78,6.0,3.6894395819063646,2.0,0.0,0,,24,2024-08-04 10:09:23.604859,0.0,0,,0.0,0,
James McConnell,Liverpool,MID,44,0.0,0.3104279034267167,0.0,0.0,0,,24,2024-08-04 10:09:23.604859,0.0,0,,0.0,0,
James Milner,Brighton,MID,48,0.0,0.4823517320136178,0.0,0.0,0,,24,2024-08-04 10:09:23.604859,0.0,0,,0.0,0,
James Sweet,Arsenal,DEF,40,0.0,0.3647635064674506,0.0,0.0,0,,24,2024-08-04 10:09:23.604859,0.0,0,,0.0,0,
James Tarkowski,Everton,DEF,46,0.0,3.0160880645709507,1.0,0.0,0,,24,2024-08-04 10:09:23.604859,0.0,0,,0.0,0,
James Tomkins,Crystal Palace,DEF,39,1.0,0.9229457179365342,0.0,0.0,0,,24,2024-08-04 10:09:23.604859,0.0,0,,0.0,0,
James Ward-Prowse,West Ham,MID,57,2.0,3.283983460990204,2.0,0.0,0,,24,2024-08-04 10:09:23.604859,0.0,0,,0.0,0,
James Wright,Aston Villa,GK,40,0.0,0.3647635064674506,0.0,0.0,0,,24,2024-08-04 10:09:23.604859,0.0,0,,0.0,0,
Jamie Donley,Tottenham,FWD,45,0.0,0.3587642231813095,0.0,0.0,0,,24,2024-08-04 10:09:23.604859,0.0,0,,0.0,0,
Jamie McDonnell,Nottingham,MID,45,0.0,0.3647635064674506,0.0,0.0,0,,24,2024-08-04 10:09:23.604859,0.0,0,,0.0,0,
Jan Paul van Hecke,Brighton,DEF,40,0.0,0.9633067136463007,1.0,0.0,0,,24,2024-08-04 10:09:23.604859,0.0,0,,0.0,0,
Japhet Tanganga,Tottenham,DEF,40,0.0,0.3647635064674506,0.0,0.0,0,,24,2024-08-04 10:09:23.604859,0.0,0,,0.0,0,
Jarrad Branthwaite,Everton,DEF,45,1.0,3.5642144370488995,1.0,0.0,0,,24,2024-08-04 10:09:23.604859,0.0,0,,0.0,0,
Jarrod Bowen,West Ham,MID,76,0.0,2.6109290843726223,2.0,0.0,0,,24,2024-08-04 10:09:23.604859,0.0,0,,0.0,0,
Jason Steele,Brighton,GK,40,1.0,1.7194437616468163,0.0,0.0,0,,24,2024-08-04 10:09:23.604859,0.0,0,,0.0,0,
Javier Manquillo Gaitán,Newcastle,DEF,40,0.0,0.3647635064674506,0.0,0.0,0,,24,2024-08-04 10:09:23.604859,0.0,0,,0.0,0,
Jay Stansfield,Fulham,FWD,45,0.0,0.3647635064674506,0.0,0.0,0,,24,2024-08-04 10:09:23.604859,0.0,0,,0.0,0,
Jayden Danns,Liverpool,FWD,43,0.0,0.43574518075676305,0.0,0.0,0,,24,2024-08-04 10:09:23.604859,0.0,0,,0.0,0,
Jean-Philippe Gbamin,Everton,MID,44,0.0,0.3647635064674506,0.0,0.0,0,,24,2024-08-04 10:09:23.604859,0.0,0,,0.0,0,
Jean-Ricner Bellegarde,Wolves,MID,49,2.0,2.153818510043166,1.0,0.0,0,,24,2024-08-04 10:09:23.604859,0.0,0,,0.0,0,
Jeff Hendrick,Newcastle,MID,44,0.0,0.3647635064674506,0.0,0.0,0,,24,2024-08-04 10:09:23.604859,0.0,0,,0.0,0,
Jefferson Lerma Solís,Crystal Palace,MID,47,1.0,1.5552385666139372,2.0,0.0,0,,24,2024-08-04 10:09:23.604859,0.0,0,,0.0,0,
Jeffrey Schlupp,Crystal Palace,MID,48,0.0,2.1544825628093824,1.0,0.0,0,,24,2024-08-04 10:09:23.604859,0.0,0,,0.0,0,
Jenson Metcalfe,Everton,MID,45,0.0,0.3647635064674506,0.0,0.0,0,,24,2024-08-04 10:09:23.604859,0.0,0,,0.0,0,
Jeremy Sarmiento Morante,Brighton,MID,45,0.0,0.3647635064674506,0.0,0.0,0,,24,2024-08-04 10:09:23.604859,0.0,0,,0.0,0,
Jesurun Rak-Sakyi,Crystal Palace,MID,45,0.0,0.4464578602765819,0.0,0.0,0,,24,2024-08-04 10:09:23.604859,0.0,0,,0.0,0,
Jhon Durán,Aston Villa,FWD,50,2.0,3.1461968418810606,0.0,0.0,0,,24,2024-08-04 10:09:23.604859,0.0,0,,0.0,0,
Ji-Soo Kim,Brentford,DEF,40,0.0,0.3647635064674506,0.0,0.0,0,,24,2024-08-04 10:09:23.604859,0.0,0,,0.0,0,
Jimi Tauriainen,Chelsea,MID,45,0.0,0.38625903987901217,0.0,0.0,0,,24,2024-08-04 10:09:23.604859,0.0,0,,0.0,0,
Joachim Andersen,Crystal Palace,DEF,47,5.0,3.8824705026605044,2.0,0.0,0,,24,2024-08-04 10:09:23.604859,1.0,0,0.0,0.0,0,
Joe Gardner,Nottingham,FWD,45,0.0,0.3647635064674506,0.0,0.0,0,,24,2024-08-04 10:09:23.604859,0.0,0,,0.0,0,
Joe Gauci,Aston Villa,GK,39,0.0,0.3647635064674506,0.0,0.0,0,,24,2024-08-04 10:09:23.604859,0.0,0,,0.0,0,
Joe Gomez,Liverpool,DEF,45,0.0,2.331979534338409,1.0,0.0,0,,24,2024-08-04 10:09:23.604859,0.0,0,,0.0,0,
Joe Hodge,Wolves,MID,44,0.0,0.3647635064674506,0.0,0.0,0,,24,2024-08-04 10:09:23.604859,0.0,0,,0.0,0,
Joe Hugill,Manchester Utd,FWD,45,0.0,0.3647635064674506,0.0,0.0,0,,24,2024-08-04 10:09:23.604859,0.0,0,,0.0,0,
Joe Rodon,Tottenham,DEF,40,0.0,0.3647635064674506,0.0,0.0,0,,24,2024-08-04 10:09:23.604859,0.0,0,,0.0,0,
Joe Rothwell,Bournemouth,MID,48,0.0,0.4444676925513994,0.0,0.0,0,,24,2024-08-04 10:09:23.604859,0.0,0,,0.0,0,
Joe White,Newcastle,MID,45,0.0,0.4273297164876038,0.0,0.0,0,,24,2024-08-04 10:09:23.604859,0.0,0,,0.0,0,
Joe Whitworth,Crystal Palace,GK,39,0.0,0.3647635064674506,0.0,0.0,0,,24,2024-08-04 10:09:23.604859,0.0,0,,0.0,0,
Joe Willock,Newcastle,MID,53,0.0,0.5205741908299819,0.0,0.0,0,,24,2024-08-04 10:09:23.604859,0.0,0,,0.0,0,
Joe Worrall,Nottingham,DEF,43,0.0,0.5382541620140853,0.0,0.0,0,,24,2024-08-04 10:09:23.604859,0.0,0,,0.0,0,
Joel Matip,Liverpool,DEF,48,0.0,0.515776611742233,0.0,0.0,0,,24,2024-08-04 10:09:23.604859,0.0,0,,0.0,0,
Joel Ward,Crystal Palace,DEF,45,0.0,1.1593743152885794,1.0,0.0,0,,24,2024-08-04 10:09:23.604859,0.0,0,,0.0,0,
Joelinton Cássio Apolinário de Lira,Newcastle,MID,58,1.0,1.710998170436206,0.0,0.0,0,,24,2024-08-04 10:09:23.604859,0.0,0,,0.0,0,
John McGinn,Aston Villa,MID,53,1.0,2.3698811811535156,2.0,0.0,0,,24,2024-08-04 10:09:23.604859,0.0,0,,0.0,0,
John Stones,Manchester City,DEF,53,0.0,1.2275453230333218,0.0,0.0,0,,24,2024-08-04 10:09:23.604859,0.0,0,,0.0,0,
John-Kymani Gordon,Crystal Palace,FWD,45,0.0,0.3647635064674506,0.0,0.0,0,,24,2024-08-04 10:09:23.604859,0.0,0,,0.0,0,
Jonathan Castro Otto,Wolves,DEF,43,0.0,0.3647635064674506,0.0,0.0,0,,24,2024-08-04 10:09:23.604859,0.0,0,,0.0,0,
Jonathan Panzo,Nottingham,DEF,40,0.0,0.3647635064674506,0.0,0.0,0,,24,2024-08-04 10:09:23.604859,0.0,0,,0.0,0,
Jonjo Shelvey,Nottingham,MID,48,0.0,0.3647635064674506,0.0,0.0,0,,24,2024-08-04 10:09:23.604859,0.0,0,,0.0,0,
Jonny Evans,Manchester Utd,DEF,40,1.0,2.104876059968697,1.0,0.0,0,,24,2024-08-04 10:09:23.604859,0.0,0,,0.0,0,
Jordan Ayew,Crystal Palace,MID,53,1.0,2.3914915578061056,2.0,0.0,0,,24,2024-08-04 10:09:23.604859,0.0,0,,0.0,0,
Jordan Henderson,Liverpool,MID,50,0.0,0.3647635064674506,0.0,0.0,0,,24,2024-08-04 10:09:23.604859,0.0,0,,0.0,0,
Jordan Pickford,Everton,GK,48,1.0,3.203330638282882,2.0,0.0,0,,24,2024-08-04 10:09:23.604859,0.0,0,,0.0,0,
Jorge Luiz Frello Filho,Arsenal,MID,53,0.0,1.1045424691009087,1.0,0.0,0,,24,2024-08-04 10:09:23.604859,0.0,0,,0.0,0,
Joseph Anang,West Ham,GK,40,0.0,0.3647635064674506,0.0,0.0,0,,24,2024-08-04 10:09:23.604859,0.0,0,,0.0,0,
Josh Acheampong,Chelsea,DEF,40,0.0,0.38625903987901217,0.0,0.0,0,,24,2024-08-04 10:09:23.604859,0.0,0,,0.0,0,
Josh Bowler,Nottingham,MID,45,0.0,0.3647635064674506,0.0,0.0,0,,24,2024-08-04 10:09:23.604859,0.0,0,,0.0,0,
Josh Brooking,Chelsea,DEF,40,0.0,0.3647635064674506,0.0,0.0,0,,24,2024-08-04 10:09:23.604859,0.0,0,,0.0,0,
Josh Dasilva,Brentford,MID,47,0.0,0.2971400596589038,0.0,0.0,0,,24,2024-08-04 10:09:23.604859,0.0,0,,0.0,0,
Josh Powell,Nottingham,DEF,39,0.0,0.3647635064674506,0.0,0.0,0,,24,2024-08-04 10:09:23.604859,0.0,0,,0.0,0,
Joshua Duffus,Brighton,MID,44,0.0,0.3647635064674506,0.0,0.0,0,,24,2024-08-04 10:09:23.604859,0.0,0,,0.0,0,
Joshua King,Fulham,MID,45,0.0,0.3647635064674506,0.0,0.0,0,,24,2024-08-04 10:09:23.604859,0.0,0,,0.0,0,
José Malheiro de Sá,Wolves,GK,50,4.0,2.791375562681983,2.0,0.0,0,,24,2024-08-04 10:09:23.604859,0.0,0,,0.0,0,
João Neves Virgínia,Everton,GK,39,0.0,0.3647635064674506,0.0,0.0,0,,24,2024-08-04 10:09:23.604859,0.0,0,,0.0,0,
João Palhinha Gonçalves,Fulham,MID,50,2.0,2.721661325450324,2.0,0.0,0,,24,2024-08-04 10:09:23.604859,0.0,0,,0.0,0,
João Pedro Cavaco Cancelo,Manchester City,DEF,58,0.0,0.3647635064674506,0.0,0.0,0,,24,2024-08-04 10:09:23.604859,0.0,0,,0.0,0,
João Pedro Junqueira de Jesus,Brighton,FWD,52,2.0,2.55676197657296,2.0,0.0,0,,24,2024-08-04 10:09:23.604859,0.0,0,,0.0,0,
João Victor Gomes da Silva,Wolves,MID,49,2.0,2.5873504766012623,2.0,0.0,0,,24,2024-08-04 10:09:23.604859,0.0,0,,0.0,0,
Joël Veltman,Brighton,DEF,43,0.0,1.840210658085583,1.0,0.0,0,,24,2024-08-04 10:09:23.604859,0.0,0,,0.0,0,
Joško Gvardiol,Manchester City,DEF,52,2.0,4.553040230825566,2.0,0.0,0,,24,2024-08-04 10:09:23.604859,1.0,0,1.0,0.0,0,
Julio Enciso,Brighton,MID,50,1.0,1.541226330367172,0.0,0.0,0,,24,2024-08-04 10:09:23.604859,0.0,0,,0.0,0,
Julián Álvarez,Manchester City,FWD,64,0.0,2.3798733256873934,2.0,0.0,0,,24,2024-08-04 10:09:23.604859,0.0,0,,0.0,0,
Jurriën Timber,Arsenal,DEF,46,0.0,0.3647635064674506,0.0,0.0,0,,24,2024-08-04 10:09:23.604859,0.0,0,,0.0,0,
Justin Hubner,Wolves,DEF,40,0.0,0.3647635064674506,0.0,0.0,0,,24,2024-08-04 10:09:23.604859,0.0,0,,0.0,0,
Justin Kluivert,Bournemouth,MID,46,1.0,2.732685694405601,2.0,0.0,0,,24,2024-08-04 10:09:23.604859,0.0,0,,0.0,0,
Jérémy Doku,Manchester City,MID,64,5.0,3.4940982035990094,1.0,0.0,0,,24,2024-08-04 10:09:23.604859,0.0,0,,0.0,0,
Kacper Kozłowski,Brighton,MID,45,0.0,0.3647635064674506,0.0,0.0,0,,24,2024-08-04 10:09:23.604859,0.0,0,,0.0,0,
Kadan Young,Aston Villa,MID,45,0.0,0.14183813891227323,0.0,0.0,0,,24,2024-08-04 10:09:23.604859,0.0,0,,0.0,0,
Kaden Rodney,Crystal Palace,MID,45,0.0,0.3647635064674506,0.0,0.0,0,,24,2024-08-04 10:09:23.604859,0.0,0,,0.0,0,
Kaelan Casey,West Ham,DEF,40,0.0,0.6560602427244421,0.0,0.0,0,,24,2024-08-04 10:09:23.604859,0.0,0,,0.0,0,
Kai Havertz,Arsenal,MID,76,6.0,4.630101356893963,3.0,0.0,0,,24,2024-08-04 10:09:23.604859,0.0,0,,0.0,0,
Kaide Gordon,Liverpool,MID,45,0.0,0.26922857741800676,0.0,0.0,0,,24,2024-08-04 10:09:23.604859,0.0,0,,0.0,0,
Kaine Kesler-Hayden,Aston Villa,DEF,40,1.0,1.0605812046247916,0.0,0.0,0,,24,2024-08-04 10:09:23.604859,0.0,0,,0.0,0,
Kalvin Phillips,West Ham,MID,47,0.0,0.486216513326809,0.0,0.0,0,,24,2024-08-04 10:09:23.604859,0.0,0,,0.0,0,
Kaoru Mitoma,Brighton,MID,64,0.0,0.8321025956001328,0.0,0.0,0,,24,2024-08-04 10:09:23.604859,0.0,0,,0.0,0,
Karl Darlow,Newcastle,GK,40,0.0,0.3647635064674506,0.0,0.0,0,,24,2024-08-04 10:09:23.604859,0.0,0,,0.0,0,
Karl Hein,Arsenal,GK,40,0.0,0.3647635064674506,0.0,0.0,0,,24,2024-08-04 10:09:23.604859,0.0,0,,0.0,0,
Keane Lewis-Potter,Brentford,MID,47,0.0,1.8536075922867945,1.0,0.0,0,,24,2024-08-04 10:09:23.604859,0.0,0,,0.0,0,
Keinan Davis,Aston Villa,FWD,49,0.0,0.3647635064674506,0.0,0.0,0,,24,2024-08-04 10:09:23.604859,0.0,0,,0.0,0,
Kell Watts,Newcastle,DEF,40,0.0,0.3647635064674506,0.0,0.0,0,,24,2024-08-04 10:09:23.604859,0.0,0,,0.0,0,
Kenny Tete,Fulham,DEF,44,1.0,1.3125480409039259,0.0,0.0,0,,24,2024-08-04 10:09:23.604859,0.0,0,,0.0,0,
Kepa Arrizabalaga,Chelsea,GK,50,0.0,0.3647635064674506,0.0,0.0,0,,24,2024-08-04 10:09:23.604859,0.0,0,,0.0,0,
Kevin De Bruyne,Manchester City,MID,106,2.0,4.906650237552731,0.0,0.0,0,,24,2024-08-04 10:09:23.604859,0.0,0,,0.0,0,
Kevin Mbabu,Fulham,DEF,40,0.0,0.3647635064674506,0.0,0.0,0,,24,2024-08-04 10:09:23.604859,0.0,0,,0.0,0,
Kevin Schade,Brentford,MID,52,1.0,1.7379638943155908,0.0,0.0,0,,24,2024-08-04 10:09:23.604859,0.0,0,,0.0,0,
Ki-Jana Hoever,Wolves,DEF,40,0.0,0.3647635064674506,0.0,0.0,0,,24,2024-08-04 10:09:23.604859,0.0,0,,0.0,0,
Kiano Dyer,Chelsea,MID,45,0.0,0.36598611386274527,0.0,0.0,0,,24,2024-08-04 10:09:23.604859,0.0,0,,0.0,0,
Kieffer Moore,Bournemouth,FWD,46,0.0,0.5104433787030986,0.0,0.0,0,,24,2024-08-04 10:09:23.604859,0.0,0,,0.0,0,
Kieran Tierney,Arsenal,DEF,44,0.0,0.3647635064674506,0.0,0.0,0,,24,2024-08-04 10:09:23.604859,0.0,0,,0.0,0,
Kieran Trippier,Newcastle,DEF,66,1.0,2.16528181775215,1.0,0.0,0,,24,2024-08-04 10:09:23.604859,0.0,0,,0.0,0,
Kjell Scherpen,Brighton,GK,40,0.0,0.3647635064674506,0.0,0.0,0,,24,2024-08-04 10:09:23.604859,0.0,0,,0.0,0,
Kobbie Mainoo,Manchester Utd,MID,44,3.0,3.4218172837543257,2.0,0.0,0,,24,2024-08-04 10:09:23.604859,0.0,0,,0.0,0,
Konstantinos Mavropanos,West Ham,DEF,45,1.0,1.919975516582279,0.0,0.0,0,,24,2024-08-04 10:09:23.604859,0.0,0,,0.0,0,
Konstantinos Tsimikas,Liverpool,DEF,43,0.0,0.5998060122403444,0.0,0.0,0,,24,2024-08-04 10:09:23.604859,0.0,0,,0.0,0,
Kortney Hause,Aston Villa,DEF,39,0.0,0.3647635064674506,0.0,0.0,0,,24,2024-08-04 10:09:23.604859,0.0,0,,0.0,0,
Kristian Sekularac,Fulham,MID,44,0.0,0.3647635064674506,0.0,0.0,0,,24,2024-08-04 10:09:23.604859,0.0,0,,0.0,0,
Kristoffer Ajer,Brentford,DEF,44,0.0,2.4435732308923304,1.0,0.0,0,,24,2024-08-04 10:09:23.604859,0.0,0,,0.0,0,
Kurt Zouma,West Ham,DEF,45,1.0,2.3758458637401207,1.0,0.0,0,,24,2024-08-04 10:09:23.604859,0.0,0,,0.0,0,
Kyle Walker,Manchester City,DEF,55,2.0,3.1059863496633917,2.0,0.0,0,,24,2024-08-04 10:09:23.604859,0.0,0,,0.0,0,
Lander Emery,Aston Villa,GK,40,0.0,0.5522179772453408,0.0,0.0,0,,24,2024-08-04 10:09:23.604859,0.0,0,,0.0,0,
Leander Dendoncker,Aston Villa,MID,49,0.0,0.6704772804666872,0.0,0.0,0,,24,2024-08-04 10:09:23.604859,0.0,0,,0.0,0,
Leandro Trossard,Arsenal,MID,66,2.0,3.903464647343497,2.0,0.0,0,,24,2024-08-04 10:09:23.604859,0.0,0,,0.0,0,
Leigh Kavanagh,Brighton,DEF,40,0.0,0.3647635064674506,0.0,0.0,0,,24,2024-08-04 10:09:23.604859,0.0,0,,0.0,0,
Leo Castledine,Chelsea,MID,45,0.0,0.3647635064674506,0.0,0.0,0,,24,2024-08-04 10:09:23.604859,0.0,0,,0.0,0,
Leon Bailey,Aston Villa,MID,54,0.0,2.4329004002004537,3.0,0.0,0,,24,2024-08-04 10:09:23.604859,0.0,0,,0.0,0,
Leon Chiwome,Wolves,FWD,45,0.0,0.46576997946228715,0.0,0.0,0,,24,2024-08-04 10:09:23.604859,0.0,0,,0.0,0,
Lesley Ugochukwu,Chelsea,MID,44,1.0,1.1785643951601448,0.0,0.0,0,,24,2024-08-04 10:09:23.604859,0.0,0,,0.0,0,
Levi Colwill,Chelsea,DEF,46,0.0,0.556708862075247,1.0,0.0,0,,24,2024-08-04 10:09:23.604859,0.0,0,,0.0,0,
Lewis Cook,Bournemouth,MID,48,2.0,2.733988618275153,2.0,0.0,0,,24,2024-08-04 10:09:23.604859,0.0,0,,0.0,0,
Lewis Dobbin,Everton,MID,45,0.0,0.8579974010212952,0.0,0.0,0,,24,2024-08-04 10:09:23.604859,0.0,0,,0.0,0,
Lewis Dunk,Brighton,DEF,52,0.0,1.5267539295074721,1.0,0.0,0,,24,2024-08-04 10:09:23.604859,0.0,0,,0.0,0,
Lewis Hall,Newcastle,DEF,42,1.0,2.474151961353876,0.0,0.0,0,,24,2024-08-04 10:09:23.604859,0.0,0,,0.0,0,
Lewis Koumas,Liverpool,FWD,45,0.0,0.3647635064674506,0.0,0.0,0,,24,2024-08-04 10:09:23.604859,0.0,0,,0.0,0,
Lewis Miley,Newcastle,MID,45,0.0,0.5581273416135389,0.0,0.0,0,,24,2024-08-04 10:09:23.604859,0.0,0,,0.0,0,
Lewis O'Brien,Nottingham,MID,49,0.0,0.3647635064674506,0.0,0.0,0,,24,2024-08-04 10:09:23.604859,0.0,0,,0.0,0,
Lewis Orford,West Ham,MID,45,0.0,0.3647635064674506,0.0,0.0,0,,24,2024-08-04 10:09:23.604859,0.0,0,,0.0,0,
Lewis Warrington,Everton,MID,45,0.0,0.6762526750333591,0.0,0.0,0,,24,2024-08-04 10:09:23.604859,0.0,0,,0.0,0,
Lisandro Martínez,Manchester Utd,DEF,47,1.0,1.224975234065579,0.0,0.0,0,,24,2024-08-04 10:09:23.604859,0.0,0,,0.0,0,
Lloyd Kelly,Bournemouth,DEF,45,1.0,1.9684124138822714,0.0,0.0,0,,24,2024-08-04 10:09:23.604859,0.0,0,,0.0,0,
Loris Karius,Newcastle,GK,39,0.0,0.43452257336146827,0.0,0.0,0,,24,2024-08-04 10:09:23.604859,0.0,0,,0.0,0,
Louis Jackson,Manchester Utd,DEF,40,0.0,0.3677589128248548,0.0,0.0,0,,24,2024-08-04 10:09:23.604859,0.0,0,,0.0,0,
Loïc Mbe Soh,Nottingham,DEF,40,0.0,0.3647635064674506,0.0,0.0,0,,24,2024-08-04 10:09:23.604859,0.0,0,,0.0,0,
Luc De Fougerolles,Fulham,DEF,39,0.0,0.3647635064674506,0.0,0.0,0,,24,2024-08-04 10:09:23.604859,0.0,0,,0.0,0,
Luca Barrington,Brighton,MID,45,0.0,0.3647635064674506,0.0,0.0,0,,24,2024-08-04 10:09:23.604859,0.0,0,,0.0,0,
Lucas Bergström,Chelsea,GK,39,0.0,0.3647635064674506,0.0,0.0,0,,24,2024-08-04 10:09:23.604859,0.0,0,,0.0,0,
Lucas Digne,Aston Villa,DEF,46,-1.0,2.521432695659473,1.0,0.0,0,,24,2024-08-04 10:09:23.604859,0.0,0,,0.0,0,
Lucas Tolentino Coelho de Lima,West Ham,MID,60,2.0,2.811635309727738,2.0,0.0,0,,24,2024-08-04 10:09:23.604859,0.0,0,,0.0,0,
Luis Díaz,Liverpool,MID,76,3.0,3.216131779950433,3.0,0.0,0,,24,2024-08-04 10:09:23.604859,0.0,0,,0.0,0,
Luis Sinisterra,Bournemouth,MID,55,0.0,0.5861371003365848,1.0,0.0,0,,24,2024-08-04 10:09:23.604859,0.0,0,,0.0,0,
Lukasz Fabianski,West Ham,GK,42,0.0,0.7368923069328672,0.0,0.0,0,,24,2024-08-04 10:09:23.604859,0.0,0,,0.0,0,
Luke Chambers,Liverpool,DEF,40,0.0,0.3647635064674506,0.0,0.0,0,,24,2024-08-04 10:09:23.604859,0.0,0,,0.0,0,
Luke Cundle,Wolves,MID,45,0.0,0.3647635064674506,0.0,0.0,0,,24,2024-08-04 10:09:23.604859,0.0,0,,0.0,0,
Luke Harris,Fulham,MID,45,0.0,0.35998683057660424,0.0,0.0,0,,24,2024-08-04 10:09:23.604859,0.0,0,,0.0,0,
Luke Plange,Crystal Palace,FWD,45,0.0,0.3647635064674506,0.0,0.0,0,,24,2024-08-04 10:09:23.604859,0.0,0,,0.0,0,
Luke Shaw,Manchester Utd,DEF,52,0.0,0.5686777174952067,0.0,0.0,0,,24,2024-08-04 10:09:23.604859,0.0,0,,0.0,0,
Mackenzie Hunt,Everton,MID,45,0.0,0.3647635064674506,0.0,0.0,0,,24,2024-08-04 10:09:23.604859,0.0,0,,0.0,0,
Mads Bech Sørensen,Brentford,DEF,40,0.0,0.3647635064674506,0.0,0.0,0,,24,2024-08-04 10:09:23.604859,0.0,0,,0.0,0,
Mads Bidstrup,Brentford,MID,45,0.0,0.3647635064674506,0.0,0.0,0,,24,2024-08-04 10:09:23.604859,0.0,0,,0.0,0,
Mads Roerslev Rasmussen,Brentford,DEF,44,1.0,2.3170967007325407,1.0,0.0,0,,24,2024-08-04 10:09:23.604859,0.0,0,,0.0,0,
Mahamadou Susoho,Manchester City,MID,45,0.0,0.3647635064674506,0.0,0.0,0,,24,2024-08-04 10:09:23.604859,0.0,0,,0.0,0,
Mahmoud Dahoud,Brighton,MID,48,0.0,0.4736045356430907,0.0,0.0,0,,24,2024-08-04 10:09:23.604859,0.0,0,,0.0,0,
Malang Sarr,Chelsea,DEF,43,0.0,0.3647635064674506,0.0,0.0,0,,24,2024-08-04 10:09:23.604859,0.0,0,,0.0,0,
Malcolm Ebiowei,Crystal Palace,MID,44,0.0,0.3647635064674506,0.0,0.0,0,,24,2024-08-04 10:09:23.604859,0.0,0,,0.0,0,
Malo Gusto,Chelsea,DEF,43,0.0,2.4361609734399083,1.0,0.0,0,,24,2024-08-04 10:09:23.604859,0.0,0,,0.0,0,
Manor Solomon,Tottenham,MID,51,0.0,0.5421607742732986,0.0,0.0,0,,24,2024-08-04 10:09:23.604859,0.0,0,,0.0,0,
Manuel Akanji,Manchester City,DEF,50,2.0,3.637511565112993,2.0,0.0,0,,24,2024-08-04 10:09:23.604859,0.0,0,,0.0,0,
Marc Cucurella Saseta,Chelsea,DEF,49,1.0,2.5973650606756014,0.0,0.0,0,,24,2024-08-04 10:09:23.604859,0.0,0,,0.0,0,
Marc Guéhi,Crystal Palace,DEF,42,6.0,2.318512359868015,1.0,0.0,0,,24,2024-08-04 10:09:23.604859,0.0,0,,0.0,0,
Marcelo de Araújo Pitaluga Filho,Liverpool,GK,40,0.0,0.3647635064674506,0.0,0.0,0,,24,2024-08-04 10:09:23.604859,0.0,0,,0.0,0,
Marcos Senesi,Bournemouth,DEF,44,0.0,3.1440202697394564,1.0,0.0,0,,24,2024-08-04 10:09:23.604859,0.0,0,,0.0,0,
Marcus Bettinelli,Chelsea,GK,40,0.0,0.3612891116987522,0.0,0.0,0,,24,2024-08-04 10:09:23.604859,0.0,0,,0.0,0,
Marcus Oliveira Alencar,Arsenal,MID,45,0.0,0.3647635064674506,0.0,0.0,0,,24,2024-08-04 10:09:23.604859,0.0,0,,0.0,0,
Marcus Rashford,Manchester Utd,MID,84,1.0,2.318294792773,2.0,0.0,0,,24,2024-08-04 10:09:23.604859,0.0,0,,0.0,0,
Marcus Tavernier,Bournemouth,MID,50,1.0,2.092148570505574,2.0,0.0,0,,24,2024-08-04 10:09:23.604859,0.0,0,,0.0,0,
Marek Rodák,Fulham,GK,39,0.0,0.36199769027092554,0.0,0.0,0,,24,2024-08-04 10:09:23.604859,0.0,0,,0.0,0,
Mario Lemina,Wolves,MID,49,2.0,3.033560902550542,2.0,0.0,0,,24,2024-08-04 10:09:23.604859,0.0,0,,0.0,0,
Mark Flekken,Brentford,GK,47,1.0,3.294481861868144,2.0,0.0,0,,24,2024-08-04 10:09:23.604859,0.0,0,,0.0,0,
Mark Gillespie,Newcastle,GK,39,0.0,0.3647635064674506,0.0,0.0,0,,24,2024-08-04 10:09:23.604859,0.0,0,,0.0,0,
Mark O’Mahony,Brighton,FWD,45,0.0,0.4192644644909799,0.0,0.0,0,,24,2024-08-04 10:09:23.604859,0.0,0,,0.0,0,
Mark Travers,Bournemouth,GK,40,0.0,1.8637669936467414,0.0,0.0,0,,24,2024-08-04 10:09:23.604859,0.0,0,,0.0,0,
Martin Dubravka,Newcastle,GK,43,0.0,2.4055589297236493,1.0,0.0,0,,24,2024-08-04 10:09:23.604859,0.0,0,,0.0,0,
Martin Ødegaard,Arsenal,MID,86,10.0,4.121998515403671,3.0,0.0,0,,24,2024-08-04 10:09:23.604859,0.0,0,,0.0,0,
Mason Burstow,Chelsea,FWD,45,0.0,0.3647635064674506,0.0,0.0,0,,24,2024-08-04 10:09:23.604859,0.0,0,,0.0,0,
Mason Mount,Manchester Utd,MID,68,0.0,0.6565109259669321,0.0,0.0,0,,24,2024-08-04 10:09:23.604859,0.0,0,,0.0,0,
Mateo Kovačić,Manchester City,MID,46,1.0,2.2522991272003217,1.0,0.0,0,,24,2024-08-04 10:09:23.604859,0.0,0,,0.0,0,
Matheus França de Oliveira,Crystal Palace,MID,48,0.0,0.4899067078576534,0.0,0.0,0,,24,2024-08-04 10:09:23.604859,0.0,0,,0.0,0,
Matheus Luiz Nunes,Manchester City,MID,47,0.0,0.69961733103796,0.0,0.0,0,,24,2024-08-04 10:09:23.604859,0.0,0,,0.0,0,
Matheus Santos Carneiro Da Cunha,Wolves,FWD,55,2.0,3.891432586347061,2.0,0.0,0,,24,2024-08-04 10:09:23.604859,0.0,0,,0.0,0,
Mathias Jensen,Brentford,MID,52,1.0,2.4441185374977494,2.0,0.0,0,,24,2024-08-04 10:09:23.604859,0.0,0,,0.0,0,
Mathias Jorgensen,Brentford,DEF,43,0.0,1.0567471305303,0.0,0.0,0,,24,2024-08-04 10:09:23.604859,0.0,0,,0.0,0,
Matija Šarkić,Wolves,GK,40,0.0,0.3647635064674506,0.0,0.0,0,,24,2024-08-04 10:09:23.604859,0.0,0,,0.0,0,
Matt Doherty,Wolves,DEF,43,1.0,1.6100178583718132,1.0,0.0,0,,24,2024-08-04 10:09:23.604859,0.0,0,,0.0,0,
Matt Ritchie,Newcastle,MID,43,0.0,0.6274014333864889,0.0,0.0,0,,24,2024-08-04 10:09:23.604859,0.0,0,,0.0,0,
Matt Targett,Newcastle,DEF,42,0.0,0.3587642231813095,0.0,0.0,0,,24,2024-08-04 10:09:23.604859,0.0,0,,0.0,0,
Matt Turner,Nottingham,GK,37,0.0,0.53511313695336,0.0,0.0,0,,24,2024-08-04 10:09:23.604859,0.0,0,,0.0,0,
Matthew Cox,Brentford,GK,40,0.0,0.3647635064674506,0.0,0.0,0,,24,2024-08-04 10:09:23.604859,0.0,0,,0.0,0,
Matthew Dibley-Dias,Fulham,MID,45,0.0,0.3647635064674506,0.0,0.0,0,,24,2024-08-04 10:09:23.604859,0.0,0,,0.0,0,
Matthew Whittingham,Wolves,MID,45,0.0,0.3647635064674506,0.0,0.0,0,,24,2024-08-04 10:09:23.604859,0.0,0,,0.0,0,
Matty Cash,Aston Villa,DEF,45,0.0,1.2930685928082706,1.0,0.0,0,,24,2024-08-04 10:09:23.604859,0.0,0,,0.0,0,
Matz Sels,Nottingham,GK,45,2.0,2.465555528508168,2.0,0.0,0,,24,2024-08-04 10:09:23.604859,0.0,0,,1.0,0,0.0
Mauro Bandeira,Arsenal,MID,45,0.0,0.3647635064674506,0.0,0.0,0,,24,2024-08-04 10:09:23.604859,0.0,0,,0.0,0,
Max Aarons,Bournemouth,DEF,44,1.0,1.30505670491428,0.0,0.0,0,,24,2024-08-04 10:09:23.604859,0.0,0,,0.0,0,
Max Kilman,Wolves,DEF,44,1.0,2.312234015490488,1.0,0.0,0,,24,2024-08-04 10:09:23.604859,0.0,0,,0.0,0,
Max Kinsey,Bournemouth,DEF,40,0.0,0.3647635064674506,0.0,0.0,0,,24,2024-08-04 10:09:23.604859,0.0,0,,0.0,0,
Maxwel Cornet,West Ham,MID,52,0.0,0.5480112089644494,0.0,0.0,0,,24,2024-08-04 10:09:23.604859,0.0,0,,0.0,0,
Micah Hamilton,Manchester City,MID,45,0.0,0.3647635064674506,0.0,0.0,0,,24,2024-08-04 10:09:23.604859,0.0,0,,0.0,0,
Michael Dacosta Gonzalez,Bournemouth,MID,45,0.0,0.36598611386274527,0.0,0.0,0,,24,2024-08-04 10:09:23.604859,0.0,0,,0.0,0,
Michael Keane,Everton,DEF,42,0.0,0.6770137668994038,0.0,0.0,0,,24,2024-08-04 10:09:23.604859,0.0,0,,0.0,0,
Michael Ndiweni,Newcastle,FWD,44,0.0,0.25755359447679865,0.0,0.0,0,,24,2024-08-04 10:09:23.604859,0.0,0,,0.0,0,
Michael Olakigbe,Brentford,MID,45,0.0,0.2722354809219094,0.0,0.0,0,,24,2024-08-04 10:09:23.604859,0.0,0,,0.0,0,
Michael Olise,Crystal Palace,MID,57,6.0,4.348123671854676,0.0,0.0,0,,24,2024-08-04 10:09:23.604859,0.0,0,,0.0,0,
Michail Antonio,West Ham,FWD,57,2.0,2.8636365496546667,1.0,0.0,0,,24,2024-08-04 10:09:23.604859,0.0,0,,0.0,0,
Michał Karbownik,Brighton,DEF,40,0.0,0.3647635064674506,0.0,0.0,0,,24,2024-08-04 10:09:23.604859,0.0,0,,0.0,0,
Micky van de Ven,Tottenham,DEF,44,6.0,3.0803577173459513,1.0,0.0,0,,24,2024-08-04 10:09:23.604859,0.0,0,,0.0,0,
Miguel Almirón Rejala,Newcastle,MID,60,1.0,1.8789112337522116,1.0,0.0,0,,24,2024-08-04 10:09:23.604859,0.0,0,,0.0,0,
Mikey Moore,Tottenham,MID,45,1.0,1.038429907352431,0.0,0.0,0,,24,2024-08-04 10:09:23.604859,0.0,0,,0.0,0,
Mikkel Damsgaard,Brentford,MID,48,1.0,2.0573863912260393,1.0,0.0,0,,24,2024-08-04 10:09:23.604859,0.0,0,,0.0,0,
Milos Kerkez,Bournemouth,DEF,44,0.0,1.1000959363437322,1.0,0.0,0,,24,2024-08-04 10:09:23.604859,0.0,0,,0.0,0,
Mohamed Dräger,Nottingham,DEF,40,0.0,0.3647635064674506,0.0,0.0,0,,24,2024-08-04 10:09:23.604859,0.0,0,,0.0,0,
Mohamed Elneny,Arsenal,MID,44,0.0,0.4228379486642068,0.0,0.0,0,,24,2024-08-04 10:09:23.604859,0.0,0,,0.0,0,
Mohamed Salah,Liverpool,MID,134,6.0,3.2661565809806095,5.0,0.0,0,,24,2024-08-04 10:09:23.604859,0.0,0,,1.0,0,1.0
Mohammed Kudus,West Ham,MID,67,7.0,3.996155315506223,2.0,0.0,0,,24,2024-08-04 10:09:23.604859,0.0,0,,0.0,0,
Moisés Caicedo Corozo,Chelsea,MID,45,10.0,3.297737950049582,2.0,0.0,0,,24,2024-08-04 10:09:23.604859,0.0,0,,0.0,0,
Morgan Gibbs-White,Nottingham,MID,57,2.0,4.1770513752712475,2.0,0.0,0,,24,2024-08-04 10:09:23.604859,0.0,0,,0.0,0,
Morgan Rogers,Aston Villa,MID,50,0.0,2.532021593880136,1.0,0.0,0,,24,2024-08-04 10:09:23.604859,0.0,0,,0.0,0,
Morgan Sanson,Aston Villa,MID,45,0.0,0.3647635064674506,0.0,0.0,0,,24,2024-08-04 10:09:23.604859,0.0,0,,0.0,0,
Moussa Diaby,Aston Villa,MID,63,2.0,3.6918268954801614,2.0,0.0,0,,24,2024-08-04 10:09:23.604859,0.0,0,,0.0,0,
Moussa Niakhaté,Nottingham,DEF,45,1.0,1.3596656563713174,0.0,0.0,0,,24,2024-08-04 10:09:23.604859,0.0,0,,0.0,0,
Murillo Santiago Costa dos Santos,Nottingham,DEF,45,2.0,2.337508745161947,1.0,0.0,0,,24,2024-08-04 10:09:23.604859,0.0,0,,0.0,0,
Mykhailo Mudryk,Chelsea,MID,63,0.0,1.9008946377884934,1.0,0.0,0,,24,2024-08-04 10:09:23.604859,0.0,0,,0.0,0,
Myles Lewis-Skelly,Arsenal,MID,45,0.0,0.3647635064674506,0.0,0.0,0,,24,2024-08-04 10:09:23.604859,0.0,0,,0.0,0,
Myles Peart-Harris,Brentford,MID,45,0.0,0.2971400596589038,0.0,0.0,0,,24,2024-08-04 10:09:23.604859,0.0,0,,0.0,0,
Máximo Perrone,Manchester City,MID,44,0.0,0.3647635064674506,0.0,0.0,0,,24,2024-08-04 10:09:23.604859,0.0,0,,0.0,0,
Naouirou Ahamada,Crystal Palace,MID,43,0.0,0.5185768384606323,0.0,0.0,0,,24,2024-08-04 10:09:23.604859,0.0,0,,0.0,0,
Nathan Aké,Manchester City,DEF,50,1.0,2.3421889535257265,1.0,0.0,0,,24,2024-08-04 10:09:23.604859,0.0,0,,0.0,0,
Nathan Collins,Brentford,DEF,45,0.0,2.136652763544323,1.0,0.0,0,,24,2024-08-04 10:09:23.604859,0.0,0,,0.0,0,
Nathan Fraser,Wolves,FWD,45,0.0,0.5015317170612569,0.0,0.0,0,,24,2024-08-04 10:09:23.604859,0.0,0,,0.0,0,
Nathan Patterson,Everton,DEF,43,0.0,0.5416946140396763,0.0,0.0,0,,24,2024-08-04 10:09:23.604859,0.0,0,,0.0,0,
Nathaniel Clyne,Crystal Palace,DEF,43,6.0,2.3080224528851394,0.0,0.0,0,,24,2024-08-04 10:09:23.604859,0.0,0,,0.0,0,
Nathaniel Phillips,Liverpool,DEF,40,0.0,0.3647635064674506,0.0,0.0,0,,24,2024-08-04 10:09:23.604859,0.0,0,,0.0,0,
Nayef Aguerd,West Ham,DEF,44,0.0,0.5436944876014222,0.0,0.0,0,,24,2024-08-04 10:09:23.604859,0.0,0,,0.0,0,
Neal Maupay,Brentford,FWD,49,0.0,1.2275453230333218,1.0,0.0,0,,24,2024-08-04 10:09:23.604859,0.0,0,,0.0,0,
Neco Williams,Nottingham,DEF,43,0.0,0.7749509809931916,1.0,0.0,0,,24,2024-08-04 10:09:23.604859,0.0,0,,0.0,0,
Nick Pope,Newcastle,GK,53,1.0,1.830363038088134,0.0,0.0,0,,24,2024-08-04 10:09:23.604859,0.0,0,,0.0,0,
Nicolas Jackson,Chelsea,FWD,70,2.0,4.655320559844984,2.0,0.0,0,,24,2024-08-04 10:09:23.604859,0.0,0,,0.0,0,
Nicolas Pépé,Arsenal,MID,49,0.0,0.3647635064674506,0.0,0.0,0,,24,2024-08-04 10:09:23.604859,0.0,0,,0.0,0,
Nicolás Domínguez,Nottingham,MID,50,0.0,1.3602465215543391,1.0,0.0,0,,24,2024-08-04 10:09:23.604859,0.0,0,,0.0,0,
Nicolò Zaniolo,Aston Villa,MID,54,0.0,1.0441849116718709,1.0,0.0,0,,24,2024-08-04 10:09:23.604859,0.0,0,,0.0,0,
Nikola Vlašić,West Ham,MID,45,0.0,0.3647635064674506,0.0,0.0,0,,24,2024-08-04 10:09:23.604859,0.0,0,,0.0,0,
Noha Lemina,Wolves,MID,50,0.0,0.3647635064674506,0.0,0.0,0,,24,2024-08-04 10:09:23.604859,0.0,0,,0.0,0,
Noni Madueke,Chelsea,MID,53,2.0,3.630769996263719,1.0,0.0,0,,24,2024-08-04 10:09:23.604859,0.0,0,,0.0,0,
Norberto Bercique Gomes Betuncal,Everton,FWD,57,1.0,1.6189201429766704,1.0,0.0,0,,24,2024-08-04 10:09:23.604859,0.0,0,,0.0,0,
Norberto Murara Neto,Bournemouth,GK,46,2.0,3.015237274900144,2.0,0.0,0,,24,2024-08-04 10:09:23.604859,0.0,0,,0.0,0,
Noël Atom,Brighton,DEF,40,0.0,0.37550311059594643,0.0,0.0,0,,24,2024-08-04 10:09:23.604859,0.0,0,,0.0,0,
Nuno Varela Tavares,Nottingham,DEF,40,0.0,0.49333945826707604,0.0,0.0,0,,24,2024-08-04 10:09:23.604859,0.0,0,,0.0,0,
Nélson Cabral Semedo,Wolves,DEF,45,-3.0,1.886106889405594,1.0,0.0,0,,24,2024-08-04 10:09:23.604859,0.0,0,,0.0,0,
Odeluga Offiah,Brighton,DEF,40,0.0,0.8211438742745744,0.0,0.0,0,,24,2024-08-04 10:09:23.604859,0.0,0,,0.0,0,
Odsonne Edouard,Crystal Palace,FWD,53,1.0,1.933075152272893,1.0,0.0,0,,24,2024-08-04 10:09:23.604859,0.0,0,,0.0,0,
Odysseas Vlachodimos,Nottingham,GK,45,0.0,0.5348855351858993,0.0,0.0,0,,24,2024-08-04 10:09:23.604859,0.0,0,,0.0,0,
Oleksandr Zinchenko,Arsenal,DEF,50,1.0,2.2352369792970865,1.0,0.0,0,,24,2024-08-04 10:09:23.604859,0.0,0,,0.0,0,
Oliver Scarles,West Ham,DEF,40,0.0,0.3647635064674506,0.0,0.0,0,,24,2024-08-04 10:09:23.604859,0.0,0,,0.0,0,
Oliver Skipp,Tottenham,MID,45,1.0,1.412177704274551,1.0,0.0,0,,24,2024-08-04 10:09:23.604859,0.0,0,,0.0,0,
Oliwier Zych,Aston Villa,GK,40,0.0,0.3647635064674506,0.0,0.0,0,,24,2024-08-04 10:09:23.604859,0.0,0,,0.0,0,
Ollie Harrison,Chelsea,MID,45,0.0,0.3647635064674506,0.0,0.0,0,,24,2024-08-04 10:09:23.604859,0.0,0,,0.0,0,
Ollie Watkins,Aston Villa,FWD,89,2.0,5.956577609304463,5.0,0.0,0,,24,2024-08-04 10:09:23.604859,1.0,0,1.0,1.0,0,1.0
Olu Aina,Nottingham,DEF,45,0.0,1.4259623061967264,0.0,0.0,0,,24,2024-08-04 10:09:23.604859,0.0,0,,0.0,0,
Omar Richards,Nottingham,DEF,44,0.0,0.3647635064674506,0.0,0.0,0,,24,2024-08-04 10:09:23.604859,0.0,0,,0.0,0,
Omari Forson,Manchester Utd,MID,44,0.0,0.5978265525241123,0.0,0.0,0,,24,2024-08-04 10:09:23.604859,0.0,0,,0.0,0,
Omari Kellyman,Aston Villa,MID,45,1.0,0.9229457179365342,0.0,0.0,0,,24,2024-08-04 10:09:23.604859,0.0,0,,0.0,0,
Orel Mangala,Nottingham,MID,50,0.0,0.5129860734465388,0.0,0.0,0,,24,2024-08-04 10:09:23.604859,0.0,0,,0.0,0,
Oscar Bobb,Manchester City,MID,44,0.0,0.7055471548787963,0.0,0.0,0,,24,2024-08-04 10:09:23.604859,0.0,0,,0.0,0,
Owen Beck,Liverpool,DEF,45,0.0,0.26922857741800676,0.0,0.0,0,,24,2024-08-04 10:09:23.604859,0.0,0,,0.0,0,
Owen Hesketh,Wolves,MID,45,0.0,0.3647635064674506,0.0,0.0,0,,24,2024-08-04 10:09:23.604859,0.0,0,,0.0,0,
Pablo Fornals Malla,West Ham,MID,46,0.0,0.43079974457186127,0.0,0.0,0,,24,2024-08-04 10:09:23.604859,0.0,0,,0.0,0,
Pablo Sarabia,Wolves,MID,45,0.0,1.871408065067729,2.0,0.0,0,,24,2024-08-04 10:09:23.604859,0.0,0,,0.0,0,
Pape Matar Sarr,Tottenham,MID,44,3.0,2.0482083049733975,2.0,0.0,0,,24,2024-08-04 10:09:23.604859,0.0,0,,0.0,0,
Pascal Groß,Brighton,MID,61,2.0,3.358643289273799,2.0,0.0,0,,24,2024-08-04 10:09:23.604859,0.0,0,,0.0,0,
Pau Torres,Aston Villa,DEF,46,0.0,1.7963705392164482,1.0,0.0,0,,24,2024-08-04 10:09:23.604859,0.0,0,,0.0,0,
Paul Dummett,Newcastle,DEF,39,1.0,0.9692794905427459,0.0,0.0,0,,24,2024-08-04 10:09:23.604859,0.0,0,,0.0,0,
Pedro Lomba Neto,Wolves,MID,55,1.0,2.0619810221564197,1.0,0.0,0,,24,2024-08-04 10:09:23.604859,0.0,0,,0.0,0,
Pervis Estupiñán,Brighton,DEF,47,0.0,0.7682187448754716,0.0,0.0,0,,24,2024-08-04 10:09:23.604859,0.0,0,,0.0,0,
Philip Billing,Bournemouth,MID,51,1.0,1.4938278852361835,1.0,0.0,0,,24,2024-08-04 10:09:23.604859,0.0,0,,0.0,0,
Philippe Coutinho Correia,Aston Villa,MID,58,0.0,0.3587642231813095,0.0,0.0,0,,24,2024-08-04 10:09:23.604859,0.0,0,,0.0,0,
Pierre-Emerick Aubameyang,Chelsea,FWD,65,0.0,0.3647635064674506,0.0,0.0,0,,24,2024-08-04 10:09:23.604859,0.0,0,,0.0,0,
Pierre-Emile Højbjerg,Tottenham,MID,51,1.0,1.6703793275095409,1.0,0.0,0,,24,2024-08-04 10:09:23.604859,0.0,0,,0.0,0,
Radek Vítek,Manchester Utd,GK,40,0.0,0.3647635064674506,0.0,0.0,0,,24,2024-08-04 10:09:23.604859,0.0,0,,0.0,0,
Radu Dragusin,Tottenham,DEF,42,6.0,2.2106518417673287,0.0,0.0,0,,24,2024-08-04 10:09:23.604859,0.0,0,,0.0,0,
Raheem Sterling,Chelsea,MID,68,9.0,2.924391366582113,2.0,0.0,0,,24,2024-08-04 10:09:23.604859,0.0,0,,0.0,0,
Raphaël Varane,Manchester Utd,DEF,49,1.0,2.0327440036102282,0.0,0.0,0,,24,2024-08-04 10:09:23.604859,0.0,0,,0.0,0,
Rasmus Højlund,Manchester Utd,FWD,71,7.0,3.2290748773164872,2.0,0.0,0,,24,2024-08-04 10:09:23.604859,0.0,0,,0.0,0,
Rayan Aït-Nouri,Wolves,DEF,46,1.0,2.3604174446797495,1.0,0.0,0,,24,2024-08-04 10:09:23.604859,0.0,0,,0.0,0,
Reece James,Chelsea,DEF,53,0.0,0.4811721888189722,0.0,0.0,0,,24,2024-08-04 10:09:23.604859,0.0,0,,0.0,0,
Reiss Nelson,Arsenal,MID,48,0.0,0.46638029465023934,0.0,0.0,0,,24,2024-08-04 10:09:23.604859,0.0,0,,0.0,0,
Remi Matthews,Crystal Palace,GK,39,0.0,0.3587642231813095,0.0,0.0,0,,24,2024-08-04 10:09:23.604859,0.0,0,,0.0,0,
Remo Freuler,Nottingham,MID,49,0.0,0.3647635064674506,0.0,0.0,0,,24,2024-08-04 10:09:23.604859,0.0,0,,0.0,0,
Reuell Walters,Arsenal,DEF,40,0.0,0.3647635064674506,0.0,0.0,0,,24,2024-08-04 10:09:23.604859,0.0,0,,0.0,0,
Rhys Bennett,Manchester Utd,DEF,40,0.0,0.3647635064674506,0.0,0.0,0,,24,2024-08-04 10:09:23.604859,0.0,0,,0.0,0,
Richarlison de Andrade,Tottenham,MID,68,0.0,2.0553179148847778,1.0,0.0,0,,24,2024-08-04 10:09:23.604859,0.0,0,,0.0,0,
Richie Laryea,Nottingham,DEF,45,0.0,0.3647635064674506,0.0,0.0,0,,24,2024-08-04 10:09:23.604859,0.0,0,,0.0,0,
Rico Henry,Brentford,DEF,42,0.0,0.4736045356430907,0.0,0.0,0,,24,2024-08-04 10:09:23.604859,0.0,0,,0.0,0,
Rico Lewis,Manchester City,DEF,42,0.0,1.3697554571842507,0.0,0.0,0,,24,2024-08-04 10:09:23.604859,0.0,0,,0.0,0,
Riyad Mahrez,Manchester City,MID,75,0.0,0.3647635064674506,0.0,0.0,0,,24,2024-08-04 10:09:23.604859,0.0,0,,0.0,0,
Rob Holding,Crystal Palace,DEF,43,0.0,0.3647635064674506,0.0,0.0,0,,24,2024-08-04 10:09:23.604859,0.0,0,,0.0,0,
Robert Sánchez,Chelsea,GK,45,0.0,0.5148560030423046,0.0,0.0,0,,24,2024-08-04 10:09:23.604859,0.0,0,,0.0,0,
Robin Olsen,Aston Villa,GK,39,1.0,2.078493823182917,0.0,0.0,0,,24,2024-08-04 10:09:23.604859,0.0,0,,0.0,0,
Rodrigo Bentancur,Tottenham,MID,54,3.0,1.8133499762394294,1.0,0.0,0,,24,2024-08-04 10:09:23.604859,0.0,0,,0.0,0,
Rodrigo Duarte Ribeiro,Nottingham,FWD,45,1.0,1.1119705461921,0.0,0.0,0,,24,2024-08-04 10:09:23.604859,0.0,0,,0.0,0,
Rodrigo Hernandez,Manchester City,MID,56,8.0,4.425863422881293,3.0,0.0,0,,24,2024-08-04 10:09:23.604859,0.0,0,,0.0,0,
Rodrigo Muniz Carvalho,Fulham,FWD,43,1.0,2.9019244084741107,1.0,0.0,0,,24,2024-08-04 10:09:23.604859,0.0,0,,0.0,0,
Romain Faivre,Bournemouth,MID,50,0.0,0.5907919340609261,0.0,0.0,0,,24,2024-08-04 10:09:23.604859,0.0,0,,0.0,0,
Romelu Lukaku Bolingoli,Chelsea,FWD,68,0.0,0.3647635064674506,0.0,0.0,0,,24,2024-08-04 10:09:23.604859,0.0,0,,0.0,0,
Roméo Lavia,Chelsea,MID,49,0.0,0.3587642231813095,0.0,0.0,0,,24,2024-08-04 10:09:23.604859,0.0,0,,0.0,0,
Ronnie Stutter,Chelsea,FWD,45,0.0,0.3647635064674506,0.0,0.0,0,,24,2024-08-04 10:09:23.604859,0.0,0,,0.0,0,
Roshaun Mathurin,Crystal Palace,MID,44,0.0,0.3647635064674506,0.0,0.0,0,,24,2024-08-04 10:09:23.604859,0.0,0,,0.0,0,
Ryan Christie,Bournemouth,MID,50,2.0,2.466174907184711,2.0,0.0,0,,24,2024-08-04 10:09:23.604859,0.0,0,,0.0,0,
Ryan Fraser,Newcastle,MID,49,0.0,0.3647635064674506,0.0,0.0,0,,24,2024-08-04 10:09:23.604859,0.0,0,,0.0,0,
Ryan Fredericks,Bournemouth,DEF,43,0.0,0.3647635064674506,0.0,0.0,0,,24,2024-08-04 10:09:23.604859,0.0,0,,0.0,0,
Ryan Gravenberch,Liverpool,MID,50,1.0,2.1375459112456103,1.0,0.0,0,,24,2024-08-04 10:09:23.604859,0.0,0,,0.0,0,
Ryan Sessegnon,Tottenham,DEF,44,0.0,0.3647635064674506,0.0,0.0,0,,24,2024-08-04 10:09:23.604859,0.0,0,,0.0,0,
Ryan Trevitt,Brentford,MID,45,0.0,0.3647635064674506,0.0,0.0,0,,24,2024-08-04 10:09:23.604859,0.0,0,,0.0,0,
Ryan Yates,Nottingham,MID,48,4.0,2.520226977096493,1.0,0.0,0,,24,2024-08-04 10:09:23.604859,0.0,0,,0.0,0,
Rúben Gato Alves Dias,Manchester City,DEF,55,2.0,2.8678608315060057,2.0,0.0,0,,24,2024-08-04 10:09:23.604859,0.0,0,,0.0,0,
Rúnar Alex Rúnarsson,Arsenal,GK,40,0.0,0.3647635064674506,0.0,0.0,0,,24,2024-08-04 10:09:23.604859,0.0,0,,0.0,0,
Sam Johnstone,Crystal Palace,GK,43,0.0,0.5684455675198241,1.0,0.0,0,,24,2024-08-04 10:09:23.604859,0.0,0,,0.0,0,
Sam Proctor,Aston Villa,GK,40,0.0,0.3647635064674506,0.0,0.0,0,,24,2024-08-04 10:09:23.604859,0.0,0,,0.0,0,
Sam Surridge,Nottingham,FWD,45,0.0,0.3647635064674506,0.0,0.0,0,,24,2024-08-04 10:09:23.604859,0.0,0,,0.0,0,
Saman Ghoddos,Brentford,MID,45,1.0,1.1087658659279618,0.0,0.0,0,,24,2024-08-04 10:09:23.604859,0.0,0,,0.0,0,
Samy Chouchane,Brighton,MID,45,0.0,0.3647635064674506,0.0,0.0,0,,24,2024-08-04 10:09:23.604859,0.0,0,,0.0,0,
Sandro Tonali,Newcastle,MID,52,0.0,0.5059374870572666,0.0,0.0,0,,24,2024-08-04 10:09:23.604859,0.0,0,,0.0,0,
Santiago Bueno,Wolves,DEF,45,1.0,1.0548920251094265,0.0,0.0,0,,24,2024-08-04 10:09:23.604859,0.0,0,,0.0,0,
Sasa Kalajdzic,Wolves,FWD,49,0.0,0.5307606779694483,0.0,0.0,0,,24,2024-08-04 10:09:23.604859,0.0,0,,0.0,0,
Saïd Benrahma,West Ham,MID,56,0.0,0.4906908042108587,0.0,0.0,0,,24,2024-08-04 10:09:23.604859,0.0,0,,0.0,0,
Saša Lukić,Fulham,MID,43,0.0,1.231883408497803,1.0,0.0,0,,24,2024-08-04 10:09:23.604859,0.0,0,,0.0,0,
Scott Carson,Manchester City,GK,38,0.0,0.3647635064674506,0.0,0.0,0,,24,2024-08-04 10:09:23.604859,0.0,0,,0.0,0,
Scott McKenna,Nottingham,DEF,44,0.0,0.5414894655494688,0.0,0.0,0,,24,2024-08-04 10:09:23.604859,0.0,0,,0.0,0,
Scott McTominay,Manchester Utd,MID,45,3.0,2.7282998378238075,2.0,0.0,0,,24,2024-08-04 10:09:23.604859,0.0,0,,0.0,0,
Seamus Coleman,Everton,DEF,44,1.0,1.8952747204558382,0.0,0.0,0,,24,2024-08-04 10:09:23.604859,0.0,0,,0.0,0,
Sean Longstaff,Newcastle,MID,48,2.0,3.164795682544155,2.0,0.0,0,,24,2024-08-04 10:09:23.604859,0.0,0,,0.0,0,
Sepp van den Berg,Liverpool,DEF,40,0.0,0.3647635064674506,0.0,0.0,0,,24,2024-08-04 10:09:23.604859,0.0,0,,0.0,0,
Serge Aurier,Nottingham,DEF,45,0.0,0.5586398376545563,0.0,0.0,0,,24,2024-08-04 10:09:23.604859,0.0,0,,0.0,0,
Sergi Canós Tenés,Brentford,MID,50,0.0,0.3647635064674506,0.0,0.0,0,,24,2024-08-04 10:09:23.604859,0.0,0,,0.0,0,
Sergio Gómez,Manchester City,DEF,38,0.0,0.4652007514555937,0.0,0.0,0,,24,2024-08-04 10:09:23.604859,0.0,0,,0.0,0,
Sergio Reguilón,Brentford,DEF,45,1.0,3.228462739737478,1.0,0.0,0,,24,2024-08-04 10:09:23.604859,0.0,0,,0.0,0,
Shandon Baptiste,Brentford,MID,43,0.0,0.47485546867595396,0.0,0.0,0,,24,2024-08-04 10:09:23.604859,0.0,0,,0.0,0,
Shea Charles,Manchester City,MID,45,0.0,0.3647635064674506,0.0,0.0,0,,24,2024-08-04 10:09:23.604859,0.0,0,,0.0,0,
Shola Shoretire,Manchester Utd,FWD,44,0.0,0.3647635064674506,0.0,0.0,0,,24,2024-08-04 10:09:23.604859,0.0,0,,0.0,0,
Simon Adingra,Brighton,MID,50,2.0,2.78376566832734,2.0,0.0,0,,24,2024-08-04 10:09:23.604859,0.0,0,,0.0,0,
Siriki Dembélé,Bournemouth,MID,45,0.0,0.3647635064674506,0.0,0.0,0,,24,2024-08-04 10:09:23.604859,0.0,0,,0.0,0,
Sofyan Amrabat,Manchester Utd,MID,50,2.0,1.7662252612499758,1.0,0.0,0,,24,2024-08-04 10:09:23.604859,0.0,0,,0.0,0,
Solly March,Brighton,MID,61,0.0,0.5839696637744578,0.0,0.0,0,,24,2024-08-04 10:09:23.604859,0.0,0,,0.0,0,
Stefan Bajcetic,Liverpool,MID,47,0.0,0.42523349065977967,0.0,0.0,0,,24,2024-08-04 10:09:23.604859,0.0,0,,0.0,0,
Stefan Ortega Moreno,Manchester City,GK,36,2.0,1.6500611206878724,0.0,0.0,0,,24,2024-08-04 10:09:23.604859,0.0,0,,0.0,0,
Steve Cook,Nottingham,DEF,45,0.0,0.3647635064674506,0.0,0.0,0,,24,2024-08-04 10:09:23.604859,0.0,0,,0.0,0,
Steven Alzate,Brighton,MID,44,0.0,0.3647635064674506,0.0,0.0,0,,24,2024-08-04 10:09:23.604859,0.0,0,,0.0,0,
Steven Benda,Fulham,GK,40,0.0,0.3647635064674506,0.0,0.0,0,,24,2024-08-04 10:09:23.604859,0.0,0,,0.0,0,
Sven Botman,Newcastle,DEF,45,0.0,0.5236112350856535,0.0,0.0,0,,24,2024-08-04 10:09:23.604859,0.0,0,,0.0,0,
Taiwo Awoniyi,Nottingham,FWD,63,1.0,2.00905582787199,1.0,0.0,0,,24,2024-08-04 10:09:23.604859,0.0,0,,0.0,0,
Tanguy Ndombélé Alvaro,Tottenham,MID,44,0.0,0.3647635064674506,0.0,0.0,0,,24,2024-08-04 10:09:23.604859,0.0,0,,0.0,0,
Tariq Lamptey,Brighton,DEF,39,1.0,1.3813279100171936,0.0,0.0,0,,24,2024-08-04 10:09:23.604859,0.0,0,,0.0,0,
Tawanda Chirewa,Wolves,MID,44,0.0,0.7461161672930735,0.0,0.0,0,,24,2024-08-04 10:09:23.604859,0.0,0,,0.0,0,
Tayo Adaramola,Crystal Palace,DEF,40,0.0,0.3647635064674506,0.0,0.0,0,,24,2024-08-04 10:09:23.604859,0.0,0,,0.0,0,
Ted Curd,Chelsea,GK,40,0.0,0.3677589128248548,0.0,0.0,0,,24,2024-08-04 10:09:23.604859,0.0,0,,0.0,0,
Teddy Sharman-Lowe,Chelsea,GK,40,0.0,0.36598611386274527,0.0,0.0,0,,24,2024-08-04 10:09:23.604859,0.0,0,,0.0,0,
Temple Ojinnaka,Wolves,MID,45,0.0,0.3677589128248548,0.0,0.0,0,,24,2024-08-04 10:09:23.604859,0.0,0,,0.0,0,
Terence Kongolo,Fulham,DEF,40,0.0,0.3647635064674506,0.0,0.0,0,,24,2024-08-04 10:09:23.604859,0.0,0,,0.0,0,
Thiago Alcántara do Nascimento,Liverpool,MID,47,0.0,0.3587642231813095,0.0,0.0,0,,24,2024-08-04 10:09:23.604859,0.0,0,,0.0,0,
Thiago Emiliano da Silva,Chelsea,DEF,50,2.0,2.709929947589427,1.0,0.0,0,,24,2024-08-04 10:09:23.604859,0.0,0,,0.0,0,
Thilo Kehrer,West Ham,DEF,42,0.0,0.3587642231813095,0.0,0.0,0,,24,2024-08-04 10:09:23.604859,0.0,0,,0.0,0,
Thomas Cannon,Everton,FWD,45,0.0,0.3647635064674506,0.0,0.0,0,,24,2024-08-04 10:09:23.604859,0.0,0,,0.0,0,
Thomas Partey,Arsenal,MID,48,1.0,1.762367517178586,0.0,0.0,0,,24,2024-08-04 10:09:23.604859,0.0,0,,0.0,0,
Thomas Strakosha,Brentford,GK,39,0.0,0.4247284818363881,0.0,0.0,0,,24,2024-08-04 10:09:23.604859,0.0,0,,0.0,0,
Tim Iroegbunam,Aston Villa,MID,44,1.0,1.0547385844898465,0.0,0.0,0,,24,2024-08-04 10:09:23.604859,0.0,0,,0.0,0,
Tim Ream,Fulham,DEF,44,1.0,1.6964963554473582,0.0,0.0,0,,24,2024-08-04 10:09:23.604859,0.0,0,,0.0,0,
Timo Werner,Tottenham,FWD,63,0.0,1.5831905813177567,2.0,0.0,0,,24,2024-08-04 10:09:23.604859,0.0,0,,0.0,0,
Timothy Castagne,Fulham,DEF,45,1.0,3.488379290542597,2.0,0.0,0,,24,2024-08-04 10:09:23.604859,0.0,0,,0.0,0,
Tino Livramento,Newcastle,DEF,40,0.0,1.2356804471815979,1.0,0.0,0,,24,2024-08-04 10:09:23.604859,0.0,0,,0.0,0,
Toby Collyer,Manchester Utd,MID,45,0.0,0.3647635064674506,0.0,0.0,0,,24,2024-08-04 10:09:23.604859,0.0,0,,0.0,0,
Tom Cairney,Fulham,MID,49,0.0,1.2571282457656918,1.0,0.0,0,,24,2024-08-04 10:09:23.604859,0.0,0,,0.0,0,
Tom Heaton,Manchester Utd,GK,39,0.0,0.3647635064674506,0.0,0.0,0,,24,2024-08-04 10:09:23.604859,0.0,0,,0.0,0,
Tom King,Wolves,GK,39,0.0,0.3647635064674506,0.0,0.0,0,,24,2024-08-04 10:09:23.604859,0.0,0,,0.0,0,
Tom McGill,Brighton,GK,39,0.0,0.3647635064674506,0.0,0.0,0,,24,2024-08-04 10:09:23.604859,0.0,0,,0.0,0,
Tommi O'Reilly,Aston Villa,MID,45,0.0,0.3647635064674506,0.0,0.0,0,,24,2024-08-04 10:09:23.604859,0.0,0,,0.0,0,
Tommy Doyle,Wolves,MID,44,1.0,1.4058377725836817,1.0,0.0,0,,24,2024-08-04 10:09:23.604859,0.0,0,,0.0,0,
Tomáš Souček,West Ham,MID,49,2.0,4.1047479854376965,2.0,0.0,0,,24,2024-08-04 10:09:23.604859,0.0,0,,0.0,0,
Tosin Adarabioyo,Fulham,DEF,43,0.0,1.3678989947238023,0.0,0.0,0,,24,2024-08-04 10:09:23.604859,0.0,0,,0.0,0,
Toti António Gomes,Wolves,DEF,44,0.0,2.1857286158020455,1.0,0.0,0,,24,2024-08-04 10:09:23.604859,0.0,0,,0.0,0,
Travis Hernes,Newcastle,MID,45,0.0,0.3647635064674506,0.0,0.0,0,,24,2024-08-04 10:09:23.604859,0.0,0,,0.0,0,
Trent Alexander-Arnold,Liverpool,DEF,84,6.0,3.497265182091767,1.0,0.0,0,,24,2024-08-04 10:09:23.604859,0.0,0,,0.0,0,
Trevoh Chalobah,Chelsea,DEF,43,2.0,3.3118173609311055,0.0,0.0,0,,24,2024-08-04 10:09:23.604859,0.0,0,,0.0,0,
Treymaurice Nyoni,Liverpool,MID,45,0.0,0.3647635064674506,0.0,0.0,0,,24,2024-08-04 10:09:23.604859,0.0,0,,0.0,0,
Ty Barnett,Wolves,MID,45,0.0,0.3647635064674506,0.0,0.0,0,,24,2024-08-04 10:09:23.604859,0.0,0,,0.0,0,
Tyler Adams,Bournemouth,MID,49,0.0,0.8022114353179753,0.0,0.0,0,,24,2024-08-04 10:09:23.604859,0.0,0,,0.0,0,
Tyler Onyango,Everton,MID,44,0.0,0.3647635064674506,0.0,0.0,0,,24,2024-08-04 10:09:23.604859,0.0,0,,0.0,0,
Tyrell Malacia,Manchester Utd,DEF,43,0.0,0.3647635064674506,0.0,0.0,0,,24,2024-08-04 10:09:23.604859,0.0,0,,0.0,0,
Tyrese Francois,Fulham,MID,44,0.0,0.3647635064674506,0.0,0.0,0,,24,2024-08-04 10:09:23.604859,0.0,0,,0.0,0,
Tyrese Hall,Tottenham,MID,45,0.0,0.37550311059594643,0.0,0.0,0,,24,2024-08-04 10:09:23.604859,0.0,0,,0.0,0,
Tyrick Mitchell,Crystal Palace,DEF,45,6.0,3.8773035226610686,2.0,0.0,0,,24,2024-08-04 10:09:23.604859,0.0,0,,0.0,0,
Tyrique George,Chelsea,FWD,45,0.0,0.36598611386274527,0.0,0.0,0,,24,2024-08-04 10:09:23.604859,0.0,0,,0.0,0,
Tyrone Mings,Aston Villa,DEF,41,0.0,0.3647635064674506,0.0,0.0,0,,24,2024-08-04 10:09:23.604859,0.0,0,,0.0,0,
Valentín Barco,Brighton,DEF,40,2.0,1.5845088779460834,0.0,0.0,0,,24,2024-08-04 10:09:23.604859,0.0,0,,0.0,0,
Valintino Adedokun,Brentford,DEF,40,0.0,0.3647635064674506,0.0,0.0,0,,24,2024-08-04 10:09:23.604859,0.0,0,,0.0,0,
Vicente Guaita,Crystal Palace,GK,44,0.0,0.3647635064674506,0.0,0.0,0,,24,2024-08-04 10:09:23.604859,0.0,0,,0.0,0,
Victor Lindelöf,Manchester Utd,DEF,45,0.0,0.7512313365863802,0.0,0.0,0,,24,2024-08-04 10:09:23.604859,0.0,0,,0.0,0,
Viljami Sinisalo,Aston Villa,GK,40,0.0,0.3647635064674506,0.0,0.0,0,,24,2024-08-04 10:09:23.604859,0.0,0,,0.0,0,
Vincent Angelini,Brentford,GK,40,0.0,0.3647635064674506,0.0,0.0,0,,24,2024-08-04 10:09:23.604859,0.0,0,,0.0,0,
Virgil van Dijk,Liverpool,DEF,66,6.0,2.8014403095791063,2.0,0.0,0,,24,2024-08-04 10:09:23.604859,0.0,0,,0.0,0,
Vitalii Mykolenko,Everton,DEF,45,0.0,1.3183337903897212,1.0,0.0,0,,24,2024-08-04 10:09:23.604859,0.0,0,,0.0,0,
Vitaly Janelt,Brentford,MID,52,7.0,2.9004549779571063,2.0,0.0,0,,24,2024-08-04 10:09:23.604859,0.0,0,,0.0,0,
Vladimír Coufal,West Ham,DEF,45,1.0,2.3250706886073895,2.0,0.0,0,,24,2024-08-04 10:09:23.604859,0.0,0,,1.0,0,0.0
Wataru Endo,Liverpool,MID,54,2.0,2.2240028127653706,1.0,0.0,0,,24,2024-08-04 10:09:23.604859,0.0,0,,0.0,0,
Wayne Hennessey,Nottingham,GK,39,0.0,0.3647635064674506,0.0,0.0,0,,24,2024-08-04 10:09:23.604859,0.0,0,,0.0,0,
Wesley Fofana,Chelsea,DEF,44,0.0,0.3647635064674506,0.0,0.0,0,,24,2024-08-04 10:09:23.604859,0.0,0,,0.0,0,
Wesley Moraes Ferreira da Silva,Aston Villa,FWD,50,0.0,0.3647635064674506,0.0,0.0,0,,24,2024-08-04 10:09:23.604859,0.0,0,,0.0,0,
Wesley Okoduwa,Wolves,DEF,40,0.0,0.3647635064674506,0.0,0.0,0,,24,2024-08-04 10:09:23.604859,0.0,0,,0.0,0,
Will Hughes,Crystal Palace,MID,49,0.0,1.7778833292745848,1.0,0.0,0,,24,2024-08-04 10:09:23.604859,0.0,0,,0.0,0,
William Saliba,Arsenal,DEF,59,2.0,3.280431034130808,5.0,0.0,0,,24,2024-08-04 10:09:23.604859,0.0,0,,1.0,0,1.0
Willian Borges da Silva,Fulham,MID,53,0.0,4.6250302262495895,3.0,0.0,0,,24,2024-08-04 10:09:23.604859,1.0,0,1.0,0.0,0,
Willy Boly,Nottingham,DEF,45,4.0,6.459294847715174,2.0,0.0,0,,24,2024-08-04 10:09:23.604859,1.0,0,1.0,1.0,0,1.0
Willy Kambwala,Manchester Utd,DEF,39,0.0,0.5648158231926177,0.0,0.0,0,,24,2024-08-04 10:09:23.604859,0.0,0,,0.0,0,
Yago de Santiago Alonso,Tottenham,MID,45,0.0,0.3647635064674506,0.0,0.0,0,,24,2024-08-04 10:09:23.604859,0.0,0,,0.0,0,
Yasin Ayari,Brighton,MID,45,0.0,0.3647635064674506,0.0,0.0,0,,24,2024-08-04 10:09:23.604859,0.0,0,,0.0,0,
Yegor Yarmoliuk,Brentford,MID,42,1.0,1.6584999774016744,1.0,0.0,0,,24,2024-08-04 10:09:23.604859,0.0,0,,0.0,0,
Yerson Mosquera,Wolves,DEF,40,0.0,0.3647635064674506,0.0,0.0,0,,24,2024-08-04 10:09:23.604859,0.0,0,,0.0,0,
Yoane Wissa,Brentford,FWD,57,9.0,4.57828407964436,2.0,0.0,0,,24,2024-08-04 10:09:23.604859,1.0,0,0.0,0.0,0,
Youri Tielemans,Aston Villa,MID,56,0.0,2.159545019839879,1.0,0.0,0,,24,2024-08-04 10:09:23.604859,0.0,0,,0.0,0,
Youssef Ramalho Chermiti,Everton,FWD,48,1.0,1.5932964588859577,0.0,0.0,0,,24,2024-08-04 10:09:23.604859,0.0,0,,0.0,0,
Yunus Konak,Brentford,MID,45,0.0,0.14183813891227323,0.0,0.0,0,,24,2024-08-04 10:09:23.604859,0.0,0,,0.0,0,
Yves Bissouma,Tottenham,MID,50,0.0,1.2345268865908874,1.0,0.0,0,,24,2024-08-04 10:09:23.604859,0.0,0,,0.0,0,
Zack Steffen,Manchester City,GK,39,0.0,0.3647635064674506,0.0,0.0,0,,24,2024-08-04 10:09:23.604859,0.0,0,,0.0,0,
Zak Sturge,Chelsea,DEF,40,0.0,0.3677589128248548,0.0,0.0,0,,24,2024-08-04 10:09:23.604859,0.0,0,,0.0,0,
Álvaro Fernández Carreras,Manchester Utd,DEF,40,0.0,0.3647635064674506,0.0,0.0,0,,24,2024-08-04 10:09:23.604859,0.0,0,,0.0,0,
Ângelo Gabriel Borges Damaceno,Chelsea,MID,50,0.0,0.3647635064674506,0.0,0.0,0,,24,2024-08-04 10:09:23.604859,0.0,0,,0.0,0,
Đorđe Petrović,Chelsea,GK,47,3.0,3.2450880040925814,2.0,0.0,0,,24,2024-08-04 10:09:23.604859,0.0,0,,0.0,0,
